iam_XXX,2023-01-29,00 oooo 姐姐要找多大的 00后都可 我刚好擦边 主要我年龄没那么大 那为什么 找弟弟呀 我喜欢弟弟 不喜欢年长的
雪,2023-01-28,你好呀 好 聊天嘛 身体好虚弱 没力气 生病了吗
深藏弓与名,2023-01-28,你好呀
春明儿,2023-01-28,固聊来啦 加你 castawayyy-
。,2023-01-27,上班摸鱼呀 嗯 腿好长哦姐姐 😄 谢谢夸奖 几点下班呀 6 弟弟来啦 哈哈
豆友252158960,2023-01-26,姐姐 你好呀 在杭州的弟弟可以认识嘛哈哈哈
迪迦奥利奥,2023-01-26,是滴，比你大一点点 啊弟弟我不太会回复了 哈哈哈 姐姐不常看豆瓣的话 可以去姐姐常看的地方聊天嘛 好呀好呀 那我加你微信姐姐 Komore-bis 刚打完麻将啊哈哈哈哈 这是我微信 加你啦
村上研究员,2023-01-25,我翻了你的 我应该是基本上覆盖了 所以不是共同爱好多 应该是我看得多 哈哈哈哈哈哈 主要是我 有点懒懒的加拖延症 很多看完不一定来登记 嗯 [眨眼]哈喽 没有再玩豆瓣了吗
IIIII,2023-01-24,门槛多少呀 300 可以干啥 你不看字吗？ 都说了只是门槛 300都不给 你跟我聊什么聊 ……
你哪位,2023-01-24,你好好看 谢谢
neko,2023-01-21,你好呀 新年好啊[害羞笑] 新年好呀 来语音吗 啊？ 为啥 你要干什么 看错了哈哈哈 我以为你帖子找人语音
豆友甲,2023-01-21,男孩子还是女孩子 女 语音嘛 新年快乐，兔年大吉 新年快乐哟
白夜行,2023-01-20,男孩子女孩子？
黑大头,2023-01-20,姐姐 怎么了 姐姐
童心,2023-01-10,做完会更爱 什么感觉 做的时候 你没做过？ 男人跟女人感觉不一样 能有什么感觉 爽 刺激 [喜极而泣] 投入 热烈 [喜极而泣]
cherish,2023-01-10,来语音吗
肖汐沨,2023-01-10,找到了吗 没 可微信联系 13603579349 男孩子？ 当然[做错事]，我这两天都改了 这儿聊也行
小狗,2023-01-10,男孩子来了
不忘初心,2023-01-09,你好 你好 发我一下微信 castawayyy- 加了
陌生人789,2023-01-09,lz?
咖啡色的衣服,2023-01-09,女孩子？
局外人,2023-01-07,姐姐
momo,2023-01-02,你多大 00 这么久没理我 因为我不常看豆瓣😂 就是想起来就上来看一下 对不起呀姐姐 好吧 去微信聊嘛 不要 [失望]
水果硬糖,2023-01-02,姐姐
豆友260371798,2022-12-31,现在头好痛，打算明天再放了 一个人住呀？ 和同事合租的呀 今年的最后一天认识你 好有缘 是呀 没想到还是个老乡弟弟 [眨眼] 加个微信吧 fxzrqjzztrmy9 加你啦
糯米狸,2022-12-21,这么坚定的吗？ 没有啦 好不好听 萝卜白菜各有所爱嘛 那我加你吧 castawayyy- 加你了 没有呀 是不是最后一个 - 漏啦 好像是耶 [不说] 加你啦
momo,2022-12-21,你好呀 hi 聊天嘛
擺摊鑒🐮🐮,2022-12-20,你好呀 不閑聊 鑒🐮🐮叁拾 支某寶搜口令紅包 😂
So爺,2022-12-18,嗯嗯  只是中毒太深 需要时间 你是哪里人呀 本地啊 。你不是吗 我是呀 我看你用繁体字 以为不是呢 换部手机  这部简体 哈哈哈 可可爱爱 哈哈哈
阿瑾,2022-12-18,大树挂辣椒是什么意思
wowo,2022-12-18,开车
木子,2022-12-18,啊 那你经常去杭州吗 我在杭州念书 哇塞 我还没去杭州 哈哈哈好吧 嗯呐 为什么还不睡觉 不困 那让我折腾你 折腾完就困了
豆友265546917,2022-12-18,聊天嘛
Νύξ,2022-12-17,额 也不算 你在哪个城市呀 目前到长沙出差ing 啊 现在还要出差 注意防护哦 晚上一个人住酒店吗 对呀 不然嘞 会不会害怕🥶 不会啊。几个同事一起
豆友xBpacy0oUs,2022-12-17,不知道你为啥被禁言了 需要代做的话加我微信哈 castawayyy-
nowhere,2022-12-14,什么样的弟弟 有少年感思想成熟体贴的
王平平,2022-12-13,问这干啥 哈哈 我也不知道聊啥 [不高兴][不高兴] 如果不想聊男女话题就不聊啦 本来我今年也要考研的 但是太忙了 实在精力有限 毕竟这方面也没啥可聊的 好吧 你好呀 你好
momo,2022-12-12,姐姐 嗨 想陪你说话 但是我在宿舍不能语音哈哈 没事
恭喜发财,2022-12-10,你好 需要python辅导吗 需要的 castawayyy- 加我微信说哈 我不常看豆瓣
momo,2022-12-09,是读文章复现嘛？ 一开始我就读懂思路以后 对着伪代码自己写 后来看的多了 策略都差不多 基本看一下图和伪代码就大概能懂 然后就可以复现 我是用python 不过我从本科一直有在写代码 所以代码基础还可以 没有在编程上碰到什么困难 好滴好滴学到了！ 我代码比较弱[疲倦] 那写文章很容易的！你多找几篇顶刊总结一个框架 慢慢写就好啦 加油呀 你也加油～ uu 你还在吗
黑虎阿福,2022-12-07,你好 需要python辅导嘛
浮生梦。,2022-12-07,呀，真的吗？？？ 是的 我在首页刷到了 你还记得我嘛 估计不记得了 弟弟太多了 没有，我好久没聊天了 比较忙 你把我的微信删了 好难过哦 因为不聊天了啊 聊啊 为什么不聊
Sherry,2022-12-06,什么专业 计算机呀 不错！ 未来工作好找 这几年都互联网寒冬啦 但还是好找 你是啥专业呀 医学 你平常健身吗 不健身呀
阿尔弗雷多,2022-12-05,多少钱 你觉得多少合适
Lena,2022-12-05,姐姐多大了 比你大好多，你00后？ 00的没有很后 我22 哈，那还是很小的。我8开头的。 [眨眼]哈哈哈那也是我喜欢的姐姐 这也行～  快叫我阿姨 姐姐 姐姐 姐姐
懒羊羊不用跑,2022-12-02,我🙌🏻 哈哈哈哈哈哈 不好意思  刚刚没看这个 这人有点多  我就 只给她推了第一个私聊的 不好意思啊
丫各布,2022-12-01,冷死啦🥶
永远有多远,2022-11-29,[思考] 眼光是有多高 没有吧 一般是聊着聊着发现性格不合适 语音聊？视频聊？ 都有过吧 所以说出你的要求！ 人 正常人 有礼义廉耻的正常人
WhyamI,2022-11-29,男大学生也蛮香的 必须的 姐姐8几的 88 居家办公忙不忙 基本不忙 天天偷懒 姐姐是做什么工作的呀 我基本上就算是半个行政吧 天天杂活一堆堆
一个漫琳呀,2022-11-28,你好好看 谢谢你的夸奖
cheese,2022-11-25,我报名 好的 可以说一下你的基本信息吗 姓陈 浙江理工大学 计算机专业 专硕 应届考上去的 目前暂时需要的是学硕的受访者 如果后面需要专硕我再联系你哈～
顺风顺水顺财神,2022-11-25,换个人继续吵
豆友246090108,2022-11-25,那你找我干嘛 感觉id眼熟 你干嘛删我 不加我 呃 我有男朋友了那时候 啊 这样 他发现我小号了 [害怕] 我怕被他发现你 所以你要用line?
hereisG,2022-11-24,姐姐你好呀 好哟 聊天嘛 进群聊吗
豆友204148729,2022-11-24,可能都是被你头像吸引的吧～ 哈哈。  可能 你每天晚上出没嘛 你在哪个国家呀 我国啊 白天要搬砖啊 噢噢你在国内呀 在哪个城市呀 [思考]
君,2022-11-24,你好呀 你好
宝,2022-11-23,杭州组吗 嗯 去微信看吧 朋友圈有 小号吗 都可以 我问你 大号 你多少我加你 castawayyy-
空,2022-11-22,北方人 我在杭州读研 你来工作嘛 是的 工作 你年龄很小呀 比你小 亿点点 [尴尬] [悲伤]
小啊,2022-11-22,[爆笑] 去微信看？ 可以啊 我加你 zbbdjmy 啊 找不到 你再试试 不行我加你 castawayyy-
啊啊啊叫什么呢,2022-11-22,只找同城的吗
至尊宝,2022-11-22,你好，论文一对一指导+b:pang4478备注豆瓣即可
天气晴朗,2022-11-21,hi 你好哦 可以做个固聊嘛hhh 可以呀 你还在嘛 在呀 语音嘛还是？ 可以 那我加你 tjtooo
ture true,2022-11-20,你好呀
我测伱㐷,2022-11-19,我00年的 我测 我04 大一妹妹 对呀 可以加你微信嘛 好呀 我加你 好吧 zzmshigedameinv
⠀,2022-11-19,我也在杭州读研
爱我的人超有钱,2022-11-18,在浙江，有点远 一定要同城嘛 你在哪里呀 江苏 不同城，怎么实现快乐呢 哈哈哈 要怎么快乐 不准明知故问 线上也可以呀 线上不好玩 你在江苏哪儿
灵丹妙药,2022-11-18,找00后做啥 打工 那么在哪里面试呢
鱼蔓,2022-11-18,啊 没有 好叭好叭，你说微信号，我加你。不许撩骚哈！老师要打人的[喜极而泣] castawayyy- [微笑]爱你 [没有嘴] Rick？ Castaway？ castaway呀
momo,2022-11-18,你也是研一嘛
金星星,2022-11-18,要多渣 啊哈哈哈哈还哈 [尴尬]
abc小小小阳光,2022-11-18,嘻嘻 姐姐不经常看豆瓣嘛 忙就没看 那可以不可以去姐姐经常看的地方聊天🥺 哈哈哈 qq.？ 都可以呀 qq微信 785035413 q 加你咯
陈先生,2022-11-18,需要的话可以推给你一个一对一代写的老师  我之前就是做的代写全包  从开题直接到最后顺利通过
喜愿,2022-11-17,04 大一？ 嗯 好小呀 [喜极而泣][喜极而泣][喜极而泣] 互换照片嘛 固聊 为啥要发照片 那就不发 谢谢
豆友205294463,2022-11-17,为什么性别是女 你是男的吗 嗯
想匿名谢谢,2022-11-17,你好呀 你好呀 卷到这么迟嘛哈哈 不是不是 就是今天比较忙 刚回寝室 睡了嘛 在咩 在呀
秋凤梧,2022-11-16,又没别的感情 我才看到哈哈哈 5次是秒潮 我本来以为… 你以为我跟他啊 想多了 真的可以5次？ 可以 哈哈哈哈我就这一次而已啦 啥意思 只玩过一次吗
漩涡,2022-11-16,聊天嘛 ？ 来 语音嘛还是？ 行 你发我 我加你 castawayyy-
skeptical,2022-11-16,你好呀 有偿代写python作业 请问怎么收费呀 我有现成的数据和代码 就是看一个运行结果 加微信 castawayyy-
豆友258639060,2022-11-16,你好呀
鱼,2022-11-15,没有虎牙 [喜极而泣] 哪里来的虎牙 真的嘛 真的 没有虎牙 🐷 你的动态怎么不见了 刚删了 哈哈
lumina,2022-11-15,比你大五岁 哈 好小 什么？ 比你大 不是小 我说在豆瓣的姐姐里 算小的啦 是吗 对呀 小姐姐 [喜极而泣]
马嘉祺（上岸版,2022-11-14,你好呀
Kyattsu妮妮,2022-11-14,你是做什么视频的呀 https://www.douban.com/doubanapp/dispatch?uri=/group/topic/278555109 这个是我做的视频哈
👣,2022-11-13,姐姐好好看 我也觉得 聊聊天嘛 不聊 [发怒]
Rusty,2022-11-13,你好呀 你好 不是猥琐油腻大叔可以豆邮嘛 你说你不是 就不是？ [疲倦]可是我还小 18? 赶紧好好上学吧 22
大拙,2022-11-12,姐姐好看
吃小孩的老阿姨,2022-11-12,姐姐 ？ 没有 看你动态很有意思哈哈 哦哦 要是我在深圳就好啦
🍳,2022-11-12,哈哈哈 秘密 番号吗哈哈哈 哈哈哈 微信号 番号是什么 av [汗] 刚刚吃完酸辣粉
豆友219064092,2022-11-12,怎么证明 你跟过几个主人 1个 你喜欢被怎样调教 你说吧 我是在确认你 [汗] 你得回答我 算了吧 ？
.,2022-11-10,怎么审核呢 发个语音条就可以 哈哈哈审核好不好听嘛 对的啊 嗯 我加你吧 你给我有，我加你 castawayyy-
蹦蹦哒哒,2022-11-09,什么考试呀 英语导游中级 我第一反应以为考研 算了下不对 哈哈，不是不是
米米饭饭,2022-11-09,姐姐 ？ 找你聊聊天呀可以嘛 不闲聊 10个美女关注你，还不够你聊的吗 啊 好嘛～
玉米喵啊喵,2022-11-08,[不说]甜妹你好呀
诗别,2022-11-08,你好呀
桃子,2022-11-08,聊天嘛
Two,2022-11-08,她的意思是 三四十岁的 老大妈嘛 并不是每一个三四十岁的女的都是老大妈 嗯 后来她解释了 我也理解   我之前也是在豆瓣上认识了一个89年的姐姐 后来一起住了一段时间 感觉和同龄人没啥区别 本来 你会觉得应该有什么差别吗 理念 习惯上的差别吗 我本来也不会觉得有什么差别 是你说的差俩年代！ 哈哈哈哈哈
很美味,2022-11-07,聊天嘛
疯癫颠痴儿,2022-11-07,好看～ 谢谢~ 聊聊天嘛 明天吧
怀燊,2022-11-07,你好好看呀 嘻嘻，谢谢小姐姐！ 哈哈我是小哥哥 啊[喜极而泣] 也谢谢你哈
たちばな,2022-11-07,哦哦哦  我想怎么有人突然发私信的 不好意思 之前看了很多杀猪盘的聊天记录 [思考] 只是看到漂亮女孩子就想聊天哈哈哈 ？那你可以换一位了[笑脸] 为什么 你在哪找到我的？ 首页 ok 谢谢 已删 [尴尬] 不好意思 打扰了
陈小错不是🐷,2022-11-07,就小一点点 十几岁吧 你才高中生吗 [黑框眼镜] 没有呀 我研究生啦 00后 00年 这么小 哈哈哈 还好吧
ᥬ🙄᭄,2022-11-07,对的 本科在厦门读的 厦大？ 不是 普通本一 厦门除了厦大 就是集大了 其他都是本二吧 🤔华侨其实也是本一 [喜极而泣][喜极而泣][喜极而泣] 好吧 你是厦门本地人嘛
Le printemps,2022-11-06,曾经创下过4个小时攻克感冒的记录🤔 How？ 那时候玩到3 4点 准备睡的时候确定感冒了 就喝了999 又喝了一杯水 然后盖厚被子 出汗 睡到89点起来又喝了一杯999感觉基本好了 哦哦 感觉关键是在感冒的一开始就喝999 我已经出了两晚上的汗了 我感冒没一周就不行 但是特别谢谢你，真的
豆友258364453,2022-11-06,是的。喜欢粘人的弟弟 那不是巧了吗 但我是弟弟吗 可是我又不敢问你多大 你不问我 可以说自己的啊  那么好奇这些？ 我00年的 那肯定是弟弟 姐姐 弟弟
mty、feather,2022-11-06,姐姐好好看哦
豆友u9qKnnutog,2022-11-06,姐姐 ？ 你好好看呀 [尴尬][尴尬] 不能夸吗 不 好嘛
阿jo不说话,2022-11-06,姐姐好看 谢谢dd～ 想和姐姐认识一下可以嘛🥺
outro,2022-11-06,姐姐好好看
关咏荷,2022-11-06,好看呀姐姐 好 也好高冷
醒醒,2022-11-06,[嘻嘻] emm 你是刚毕业嘛 为什么要广西 … 帮姐妹找找 哈哈哈 回的好慢 因为发完就忘记了 挺好的
zoom,2022-11-05,那天语音跟你讲 挺好玩的 用什么语音 微信 那 还能陌陌吗 先加上吧 你多少 castawayyy-
雨后生花,2022-11-05,你好呀
风起,2022-11-05,聊天
洛漫,2022-11-04,虽然我很笨 你经常找人聊天呀 也可以这么说 为什么呀 一般聊啥 不知道 瞎聊呗 找人聊天不需要理由吧 人是社会关系的总和
destiny,2022-11-04,姐姐 你多大 浙江……好远 23 还在读研
凯拉奈特利的拉,2022-11-04,还不能发语音 你想发语音撩我 🥺我没有 还说没有 就没有 好好好 那没有 那给不给嘛 给你啦 yuaidemm
Wild Female,2022-11-04,我帮你跑
BearbagGame,2022-11-03,唉，这样讲起来，我真的好喜欢 我从来没有这么喜欢一个人过 但是我觉得，有些电影就是贴着我的灵魂过去的 可以感受到 你的热情 我从来没有在中国的影视作品里听到过这么震撼人心的配乐 但是我在其他国家的作品里听到了 而且我发现，我的感受和想法，有好几部片子拍出来了 那种神级的理解 我从来没在其他地方体会过
七九,2022-11-03,不安全 。我酒量好呀 真的吗 那我去试试 。我吹牛的 那我酒量好 你是做什么的呀 我还在读研 太小了 [发怒]
得吧得吧得,2022-11-03,可 加V吗 豆瓣不常上 你在厦门读书？ 加v吧 以前在 那我们有的聊 Cynthia_zhang12138 加你咯
清晨,2022-11-03,姐姐 可惜你不在西安 为什么可惜 我说了呀，你不在线，咱俩不在一个地方 在的话可以干嘛 不干嘛
乔艾洛-,2022-11-03,但是肯定不在豆邮聊啦 好的 去微信嘛 可以的 那我加你吧 cheung_wing 啊 搜索不到 啊 我关了 我开一下  可以了
锡箔纸与微波炉,2022-11-02,是姐姐吗 你多大呢 00年哦 小朋友 所以你是姐姐 是 [不说]弟弟来啦
白牡丹,2022-11-02,在杭州的可以嘛
流年里的日光,2022-11-02,怎么样！ 哈哈哈哈 可以很好 认识一下嘛 哇 你好看 快 刚好在看豆瓣啦 哈哈 真巧
豆友261782186,2022-10-29,3.21开始是白羊座好像 你对星座很了解吗 小白羊 也不是很了解哈哈哈 我以为你对这个研究比较多一些 记个大概时间而已啦 自己的星座可能稍微懂点 别人的星座就不好说了 castawayyy- 加我吧
拱墅区李雪琴,2022-10-28,有什么要求呀 聊聊你自己 让我了解下 00年 研一 计算机专业 在下沙这里 我比你大10岁 。。。。。 再见 姐姐
粥多鱼,2022-10-28,你真的很好看耶 哈哈还好啦 谢谢你的夸奖 不许还好 就是很好看 好吧→_→ 蟹蟹
時野,2022-10-28,姐姐 嗯？ 找你聊天 太远了哦 [悲伤]这不是有网络嘛 我喜欢现实 好的姐姐
已注销,2022-10-28,聊天 聊 准备下班了吗 对
momo,2022-10-28,姐姐你好呀
反差小恐龙,2022-10-27,你好呀姐姐
情人,2022-10-27,你好呀
uberdriver,2022-10-26,聊天呀
我是疯子,2022-10-26,但我感觉是的！ 不是 你多大 阿嬷的年纪 比我大就是姐姐咯 阿姨 姐姐！ 姐毛线 快来我身边 呵呵
兔子🐰,2022-10-24,姐会同意吗 姐姐可是糊弄不了的喔[假笑] 那 可以加姐姐微信吗 好 你id多少 加好睡觉 castawayyy- 还真00后 [黑色笑脸]
豆友183860902,2022-10-24,你好呀 你好 聊天嘛 聊什么
烧白空心菜,2022-10-24,你好呀姐姐
我在故宫送牛奶,2022-10-23,这个问题对我来说 是知识付费 怎么可以这样 那有不转200的选项吗 没有 [大哭][大哭][大哭] rmb吗 对啊 美元也不介意 have a nice day～
华南全智贤,2022-10-23,微信可以视频 微信可以发语音 微信可以发表情包 没有表情包的聊天是没有灵魂的 为什么要视频？ 你不是要看我嘛！ 给你发视频 好的 那你把二维码给我吧 呜呜没关注不能发图 castawayyy- 我的微信号
等一个人,2022-10-22,你好呀姐姐 你好 聊天嘛 姐姐刚醒嘛 不是 刚体检回来
MI,2022-10-21,你好啊
虾虾侬,2022-10-20,我就一个微信号，还是本名，都是工作，你能接受仅聊天吗？ 可以呀 我给你开朋友圈 哈哈哈不用 你给我微信号 仅聊天即可 castawayyy- 我加了
已注销,2022-10-20,我来聊 lovezhuzhu0829 加微 方便吗 加了哦 谢谢🙏
豆友259359028,2022-10-20,在呀 在 要一起干嘛呀 什么 一起玩嘛姐姐 玩什么 都可以呀 你的ｖ给我吧。 castawayyy-
爱你的虎口,2022-10-20,姐姐你好呀
荔枝,2022-10-20,姐姐你好呀
艾莉塔G1,2022-10-20,你好呀姐姐 你好 有事？
豆友263584679,2022-10-19,腿嘛 腿粗 大腿吗 还有小腿啊 我喜欢 我都喜欢 啧啧啧，嗯，甜甜的 [眨眼] 姐姐做什么工作的呀 不想回答这个 回答腻了
淼淼,2022-10-19,你好呀姐姐 ？ 聊天嘛
😳,2022-10-19,你好呀
泥吧啦,2022-10-04,连麦嘛 嗯嗯 微信嘛 嗯嗯 你微信给我吧 castawayyy- 最后有一个杠不要漏啦 加你了
Selina,2022-10-02,聊天嘛 嗯 打字还是语音呀 就这里呀
mоmо,2022-09-29,需要python作业代做嘛
一马,2022-09-27,你好呀
superbadou,2022-09-26,姐姐 Hi你好~弟弟可以简单介绍一下自己么？ 00年双鱼座弟弟 在杭州读研究生 奶狗类型🥺
花辞树,2022-09-21,天蝎你好呀 挺好 聊聊天嘛 陪聊付费。暂无兴趣尬聊 多少钱呢
人生太短,2022-09-21,啊哈哈哈哈 你是真会啊 加个微信吗 先发语音条 好呀 你发我 castawayyy- 喵喵 啊 没收到 是不是最后一个-漏啦 啊
豆友130465442,2022-09-20,杭州 呦~ 怎么啦 姐姐yezaima 没在 那姐姐在哪 上海 挺近的 嗯 想看看肉肉的姐姐
Chelsea,2022-09-19,多少钱呀 看你聊什么 语音还是视频 你想怎么样 都可以呀 看你接受程度 ？ 嗯嗯 加微信说吧 我加你的 castawayyy-
温柔的mm,2022-09-19,聊天嘛
喵呜爱爬树,2022-09-17,工科的好朋友来了 p1Kaj1uubiu 加我好不好 [发怒][发怒] 你不会觉得自己很委屈吧 [生气] [大哭]委屈啊 什么话该说不该说 你不知道吗 为什么不道歉
豆友262752834,2022-09-17,听听声音嘛 挺你的吗 听 对呀 微信还是qq呀 微信 vvtian_ 加你了
觉红,2022-09-17,没有哦，回老家了 为什么会被说是高中生 长得太嫩吗哈哈哈 哈哈哈哈哈我也不晓得啊 我自己都纳闷呢 我来帮你分析！ 但是需要一点素材 😂 算了吧，哈哈，谢谢喽 [思考]
momo,2022-09-16,你好呀
momo,2022-09-15,这么巧吗 不巧不巧 更巧的是看到了眼熟的双非硕士组 你在哪里读书呀 上海 你呢 在家蹲好几个月了 疫情反反复复 啊 我在杭州
追星光的小猫,2022-09-15,姐姐你好呀
Coisini,2022-09-15,明天要出远门了 今天来聊天 听听声音可以嘛 [喜极而泣] 哈哈哈 好奇 你家楼下有没有晨练大爷  就那个声音 中气十足 没有！ 住学校 门卫大爷
momo,2022-09-15,你好呀
粑粑永远是粑粑,2022-09-14,你好呀 你好 聊天嘛 [摇手]
都是月亮惹的祸,2022-09-14,我还好 我玩女枪召唤元素和奶 其他的装备一般 女枪当时红11跟人打2脱 芜湖 太烧钱了 贫穷不配 啊我困死了，我睡觉了晚安 晚安啦 姐姐怎么被禁言了
sweet,2022-09-13,你好呀
Yvoire,2022-09-13,必须的 姐姐好好看哦 不至于不至于 扔在人堆里都看不到那种 哈哈哈 扔在人堆里会闪闪发光那种 过了有回头率的峰值了 峰值在哪 久了，忘了 现在的姐姐好看知性有魅力 哈哈哈哈照骗这个 词建议你深刻领会并贯通
.,2022-09-13,没想到是微信收款哈哈哈 哈哈 这里聊也挺好的 我很少加v 你在福建哪个城市呀 xm 我本科在那里待了四年 还不错 出门楼下咖啡店 好的
橙橙橙橙橙,2022-09-13,你好呀姐姐
Laura,2022-09-12,你好呀
楠楠自语,2022-09-11,弟弟可以吗 你多大了？ 00年 那太小了
隔壁老高,2022-09-11,帮什么忙 你猜
叫我不乖,2022-09-11,166 好高呀 这是在酒店拍的呢？ 上次出差去拍的 还有嘛还想看 没有了 好嘛 下次看裸的吗 我不拍那些哦 还不睡
momo,2022-09-11,好看呀姐姐 我不是lsp 我就夸一嘴哈哈 谢谢
叫我崽崽嘎,2022-09-10,应该是和男朋友在一起的画面 但是每次都没有脸 啊 哪来的男朋友 未来的吧 哈哈哈哈哈哈哈哈哈 闲聊啦 中秋快乐耶 中秋快乐吖 还有和我的聊天记录吗
HHHHH,2022-09-10,你好呀
aspirin,2022-09-10,聊聊 聊呗 太 困了 醒了聊 。。。 醒了哈哈哈 你还在吗 在 和别人聊完了吗 你礼貌吗
青红皂了个白,2022-09-10,castawayyy- 加了吗 等会加 好嘛  加了吗！ 加了 没有啊 castawayyy- 最后一个杠不要漏啦 加你了
含笑有白鹭,2022-09-10,细说 没有粗的东西不想细说 不关注不能发图
miss Z,2022-09-10,姐姐
lucky,2022-09-09,连语音为啥一定要上海 大概可能更有共同话题 好嘛 我在杭州 没机会啦 杭州也可以了 你多大呀  28 你呢 23
豆友262247083,2022-09-09,换一个吧 为什么 换一个弟弟 下一个更好 你哪里好 哈哈哈我没说是我啦 我们好像离太远了 不然就跟你好好说说我哪里好！ 哦～ 我在北京哦 我在南方呢 在杭州
豆友184161099,2022-09-09,聊天吗
豆友261131343,2022-09-09,可以啊 语音？ OK 我加你？ jiushia_ 没有啥 你觉得呢 额 xsh? dym?
陆地的地,2022-09-08,你刚下班嘛 在打球啦 打什么球呀 🏸 你健身吗 不健身 但我打🏸 你在哪个场 我在金山打一般 那有点远[笑脸]
豆友262135223,2022-09-08,你好呀 [嘻嘻] 你好 有偿可以接受的话临时关注我一下发二维码图片，＋好友 这图发不过去 什么价格呀 这个可以商量 上面有负责分配人的小姐姐 我也不太清楚呢[思考] ＋2795887792我q
粉红羽毛,2022-09-08,男朋友来了 拒绝异地恋哈 男朋友走了
f,2022-09-08,我觉得你恐怕带不走啊 为什么带不走呀 你结婚了吗？ 还没 你有钉钉吗？可以先了解一下 钉钉？ 有啊 只是不怎么用 你钉钉号多少我加你 castawayyy 加你了
再见巴别塔,2022-09-08,啊 你真的准备发 真的准备收学生的吃饭钱 是的 我刚想起来 道德感那种东西我好像没有[嘻嘻] 那怎么办 那只能加微信发红包了 就是不愿意关注我 哈哈哈哈 不是 是想要骗微信 Grinnerrr
豆友Ou7iiqfqTY,2022-09-08,哈哈哈回复你的好多 你要都删掉 哦哦哦 这样啊 无聊一时爽 [喜极而泣] 豆邮爆了吗 没有，怕被发现哈哈 怎么会被发现 中午好呀
噢！,2022-09-07,你好呀！
豆友260995895,2022-09-07,是sub?还是找sub sub 喜欢进门后就把你摁在墙上 两只手交叉摁在头顶 然后给你蒙上眼罩 掐住脖子 不聊吗
豆友259235375,2022-09-07,我来打招呼啦
一树繁花,2022-09-07,姐姐长得有点好看呀
🍩,2022-09-07,嗯呢 祝贺祝贺hh 姐姐找到心仪的弟弟了吗 没呀 我基本上不抱希望了哈哈 之前是姐弟恋组豆邮的吧好像 是的 哈哈哈那时候被喜欢狼的劝退了 哈哈哈哈 所以你是很奶的吗 还好吧哈哈哈
simmer,2022-09-07,研究生哥哥可以？
娜乌西卡,2022-09-07,姐姐 弟弟来啦 多大的弟弟呢 00年呀 来 来啥哈哈哈 来姐姐身边嘛
豆友254486492,2022-09-06,姐姐是杭州人呀 嗯 专撩学生弟弟嘛哈哈哈 哈哈哈哈哈 那要是哥哥好撩，也得试试 哈哈哈哈 女朋友 可以有女朋友的微信嘛 😂 lana894245
月曦爱思考,2022-09-06,172 在下沙哦 弟弟太矮了 姐姐多高呀 不高 但是喜欢个子高的 好的姐姐
momo,2022-09-06,我也想看看你真人～
球球,2022-09-06,你好呀球球
豆友260844402,2022-09-05,都可以 怎么收费 一小时50 内容是啥 带颜色的 要拍脸？ 不用 我不怎么看豆瓣呀 我先加你微信或者qq吧 3035857800 加你了 通过呀
moon u penny🌙,2022-09-05,好好看呀 谢谢
淼淼,2022-09-05,你好呀姐姐
Momo,2022-09-03,这样嘛我也显小 为什么手指要打马 有点幼稚。。 哈哈哈哈 可可爱爱 ヾ(≧∇≦谢谢≧∇≦)ノ 你是哪里人呀 浙江 我今天就去浙江 第一次去
没有昵称,2022-09-03,我可没删你 那就是我删的你吧 因为你不理我 无所谓了，反正聊骚而已啊 哈哈哈怎么能这样说啊 都删了还说个鸡巴？ 你脸真大 不看看豆瓣多少像你这样的狗来舔 我差你这一个么
我是毒药？,2022-09-03,你好呀姐姐 你哈 由于私信较多，请回答1年龄2职业3坐标，谢谢 22 研究生 杭州 Tai 我已经 34了[喜极而泣] 那刚好呀 我就喜欢姐姐[微笑]
豆友138934003,2022-09-03,文字 声音丑 不要 我要听声音 不要 那 换点图 ？ 那 我说话 你打字
董小姐,2022-09-03,来啦 直接加v嘛 加你vx啦
豆友257745900,2022-09-02,男孩子？ 女孩子？ 不是 我男孩子
豆友256728120,2022-09-02,看什么的时候 看看你做的 只有自己动手的
豆友262010913,2022-09-02,自己看看 [不说] 真的不给看嘛[大哭] 容我考虑考虑 要等不及咯 你在网上看其他人的视频吧 [喜极而泣] 和我没有区别 那 感觉也差太多了哈哈哈 那我可以关注你推特嘛
豆友251228831,2022-09-02,钻洞干嘛
Wendy,2022-09-02,你好呀姐姐
豆友256160597,2022-09-02,多大
派特里克Star,2022-09-02,我感觉你不胖呀 很胖 为啥这样说 就是胖啊😂 实话实说 哈哈哈没事啦 那我也胖！ 哈哈哈哈哈😂😂 加个微信嘛 不经常看豆瓣 先不了吧
豆友261026814,2022-09-02,聊天吗 加我QQ聊2407376614
carry妹妹,2022-08-31,6个
ahshsh,2022-08-31,那应该不会那么巧的 都在福建？ 为啥子不理我 哈哈哈哈 在福建 福建哪儿 厦门 好吧 我在厦门读书 加油哦
月岛雯,2022-08-31,那是什么书 1984 我们之前聊过吗 不知道
花茶,2022-08-31,你好呀姐姐
豆友185198800,2022-08-31,关注了
桃花岛主,2022-08-31,是诶 高中生哦 大学生 大一？ 大三 我看你的小组 好多高中小组哈哈哈 我以为高中生 不是的 哈哈哈哈 那你是 02年？
张本纸盒,2022-08-31,你好呀老师
豆友219114847,2022-08-31,或许可以 试一试 微信还是qq qq吧 我加你 我加你 哈哈哈哈 不行 就要我加你 1121033787 😂
苏子,2022-08-31,聊天嘛
木生,2022-08-31,哄你睡觉 打算怎么哄 语音哄你 吵了更难睡 在你耳边呢喃 讲故事给你听 轻轻声的 太吓人了
张mm木子,2022-08-31,男孩子还是女孩子 怎么啦 我说感叹男孩子年轻还是女孩子年轻 都可以呀 我倒是经常听姐姐感叹年轻真好 哈哈哈
豆友I2EOX9Od7k,2022-08-30,我超奶超乖超成熟
豆友261064806,2022-08-30,只找小姐姐聊天吗
豆友260463695,2022-08-30,睡了嘛 哈 原来你也睡很晚 你醒的也很早 处理一点事 聊天呐
豆友146206359,2022-08-30,No 照片即🉑️ [不高兴] 嗯嗯 难道你是好看到能出道吗 不是的 嗯嗯 所以我觉得你有照片 但是单纯害怕被骗 So
O.o,2022-08-30,小狗 ？ 骂你！ ？ 问号啥 我还有你的秋秋 ？ 秋秋是啥 qq 噢
望穿秋水的眼,2022-08-29,嗯哼 上次给我的微信号不对！ 哈哈 [大哭] 所以语音嘛 聊啥嘛 啥都行 可以哟 发微信 加你了哟
豆友140240907,2022-08-29,开语音
白羊的意志,2022-08-29,听听声音吗 好哇 微信还是qq QQ吧 506899882 加你咯
那没事了,2022-08-28,语音吗 不
林深时见鹿,2022-08-28,线下？ 线下 先看颜值
如何,2022-08-26,姐姐
豆友259669762,2022-08-26,聊天嘛
大西,2022-08-26,男的？ 男的
脆糖,2022-08-26,晚上适合聊点色色 或许吧 那还语音嘛 明天可以嘛 不对 今天晚上 现在已经12点过了 哈哈哈 现在也是今天晚上 现在是凌晨  晚安咯 中午好呀
豆友133715243,2022-08-26,有多好听 不过也有可能是声音好听的小哥哥 多好听 听听就知道啦 好的啊 Q还是v 都可以呀 我加你 1622307476 想用用Q， 加你了
切斯特,2022-08-26,？ 图 没人 还有图吗 咸蛋黄girl是什么意思 咸蛋黄没吃过？ 有真人版头像？ [舒服]
豆友221129749,2022-08-26,啥软件 看片软件 屏幕共享一起看？ 不好 信息不安全 噗哈哈哈 什么信息 我开个腾讯会议 一起看 擦 变态
JQK,2022-08-25,认识天蝎男干嘛
momo,2022-08-25,可以phone sex
听风,2022-08-25,可以phone srx
豆友245603399,2022-08-25,聊天吗
昨天,2022-08-25,女孩子？
kayi-,2022-08-25,语音聊天？ 嗯嗯 荤素？ 都可以 那我加你吧 QQ？ 都可以 我加你 多少号 1121033787
改变,2022-08-25,想知道在想什么吗 嗯 试试就知道了
ようき,2022-08-24,怎么贴贴呀
霖,2022-08-24,然后全部射在你的胸上 舌头绕着龟头打转 舌尖刺激马眼 想看我射出来吗 哦可惜豆瓣发不了视频 加微信吧 你号多少呀 castawayyy- 最后有一个-哦
请好好鞭策盆盆,2022-08-24,姐姐好看呢 谢谢
🦄,2022-08-24,固聊来啦
柳俊烈女朋友,2022-08-23,00年可以吗 太小了不好意思
文素,2022-08-22,姐姐你好呀 你好呀 粘人的弟弟来啦 哈哈哈哈你好粘人的弟弟 可是弟弟不在上海可以嘛 也可以～还是看人～ 不找长期是什么意思呀 告诉那些想撩骚的找炮友的就别豆油我了 这样呀
李琪琪,2022-08-20,我可以请你喝柠檬茶吗 ………… 啊这 可以跟你开车嘛
↑,2022-08-20,你好呀 语音嘛 声音不好听就互删哦 好的呢 我加你 嗯？
晴姐,2022-08-20,醒这么早 停电 被热醒吗 额 聊天嘛 兴致不大
豆友247360692,2022-08-20,我请你喝吧 真的吗哈哈哈 陪我聊聊天 请你喝奶茶哈哈哈 哈哈哈哈 不喝，也可以聊啊 喝了聊的更安心 半夜了，甜的容易变胖 来语音嘛 不了
豆友252207025,2022-08-20,怎么了
小梨🍐~,2022-08-20,语音吗 你声音好听吗？ 好听呀 好 睡了嘛
花🌸儿,2022-08-18,你说普通话还是啥 哈哈哈普通话啦 你在读研？ 嗯 9月份 小孩儿 姐姐多大 我硕士毕业8年了 也没有很大啦 困了，不说了 睡觉💤
Alita,2022-08-18,睡不着来聊天阿珂 啊
宝宝,2022-08-18,加你了
jjjj,2022-08-17,语音吗
momo,2022-08-11,我面试！ 不在一个城市不考虑哦 啊 原来是线下啊 是啊 不然我怎么看呢？
念悠悠,2022-08-11,可以看你自慰吗 100是可以露脸和露胸，你要看我全身加玩具ZW是199，也不规定时长，包🐍，你可以先玩100的，有感觉再补99 先加联系方式吧 我现在在外面 晚点回家找你玩 那你加了发部分红包我把空间给你打开看看福利照片吧 回来直接视频 多少？ 发一百呀， 我Q 2428935139 确定玩加我Q。🧧发支付宝，视频过程你可以不露脸，私密照永久可以看 ？
momo,2022-08-11,我可以面试帅哥吗
豆友260568344,2022-08-10,一看就知道啦 刚注册的 为啥开小号呀 大号有照片 和日常生活 吐槽或者记录 照片见不得人嘛！ 怕被傻逼骚扰哈 那就是太好看了
豆友260161404,2022-08-09,高潮迭起 身体会受不了 里面可以连着高潮吧？ 豆豆好像不行 嗯 看对方厉不厉害 有故事呀姐姐 还好吧 你多少岁 叫我姐姐 00年哦
豆友260269331,2022-08-09,不是 看你加了研究生小组 Emmm 怎么说呢 也希望看看别人的生活吧 不会是硕导吧 。。。 我今年研0 嗯哼 恭喜
Xx.,2022-08-09,聊天组 树洞组 姐弟恋组！ 哈哈哈哈 真是的 行不行嘛 什么行不行 加v  ErikaXIAO123 加你啦
豆友67406137,2022-08-09,你好呀 2000
夏安,2022-08-09,为什么想要灵魂伴侣 因为想进行灵魂的交流 哈哈 哈哈哈这么抽象 那是一种什么样的交流 和肉体交流有啥区别 肉体交流只是一部分吧 我可以报名吗 哈哈 哈哈是啥意思哦
茉小姐。,2022-08-09,姐姐好好看哦
哦,2022-08-09,好看呢姐姐
kk,2022-08-09,没事 你怎么还没睡呀 [困乏]回这么慢要睡着啦 没 在干嘛呀 半夜不睡 小鹿乱撞 没有啊 语音吗 下次 好 那先加v？
娜娜子,2022-08-09,你好呀 hi 色色嘛 文 语音 都可以哦
頑皮老闆喝不醉,2022-08-09,聊天嘛姐姐
豆723569,2022-08-08,男孩子？
豆友213178958,2022-08-08,等人聊天？ 聊着呢 聊什么呀 天南海北胡侃咯
Estrella.,2022-08-08,吹什么呀
纯牛奶,2022-08-08,hm是啥
常愿意,2022-08-06,大三岁
豆友258890861,2022-07-28,你说呐 不小呀 哪里都不小 好的 就差了三岁 嗯啦 为什么动态的照片看不到了[大哭] 什么 姐姐的相册看不到了 不知道
豆友136716509,2022-07-28,姐姐你好呀
豆友257593418,2022-06-27,你好呀 嗨 哈哈你不常看豆瓣嘛 哈哈不经常看
豆友258052231,2022-06-18,聊天呀 好
砂糖橘味薯片,2022-06-14,有偿提供python 教学哦 就一作业，不用惹谢谢
⠀,2022-06-13,你好呀 有偿提供python帮助哦 加我vx:castawayyy-
ASHERS,2022-06-13,你好呀 可以提供python 教学 加vx:castawayyy-
豆友72055558,2022-06-11,男闺蜜可以嘛 2k
上山鹿,2022-06-10,flask会吗
趙,2022-06-09,有需要python辅导吗 对 有一道题不会 加我微信jiushia_ 然后把题发给我哦
豆友247591066,2022-06-07,会喜欢弟弟嘛 如果是帅弟弟，也可以喜欢 哈哈哈要多帅 哈哈，有一点帅就行 那来认识一下呀 所以你是在读大学的，有一点帅的弟弟么 今年毕业哈哈
嗯嗯你说得对,2022-05-25,有偿代写爬虫哦 什么价位 加微信 castawayyy-
果粒儿,2022-05-17,有偿辅导python哦
expectations,2022-05-16,你好呀姐姐 好在哪 上来就喊姐姐 好看的姐姐 来亲亲 你好easy啊 [发怒][发怒] 亲不亲 哈哈哈 蛮亲
豆友256609380,2022-05-11,你好呀 hi 聊天嘛 我当你男闺蜜
知行,2022-05-11,你好 您好，请问您会Django和React吗
豆友255805760,2022-04-29,还是不聊颜色吗 你就那么想聊颜色？ 只能说不聊颜色 每个人都可以聊呀 那你就去聊呀
豆友76520288,2022-04-26,你好呀 2k
豆友188375958,2022-04-21,来聊天
豆友252811928,2022-04-18,可以听听声音嘛 聊嘛 你好呀 00年大学生 怎么样 一起禁欲
愿小赵天天开心,2022-04-09,美女 唠嗑 你好呀，打个广告【接网调有需要可以找我，你指挥我开视频不过有偿】 联系方式？ 企鹅， 1394646634
豆友255666174,2022-04-06,聊天吗 聊天不
豆友252405904,2022-04-05,搜微信说用户不存在呀 可以了
豆友248887353,2022-04-01,我可以当你的树洞嘛姐姐
豆友249050490,2022-03-25,挺难得的哈哈哈 哈哈哈哈 多大了你 那你还是不太记得我嘛 我跟你视频过 那也许是你长得不好看吧 [喜极而泣] [悲伤] 好吧 我00年的
系统豆邮,2022-03-25,你好，    你投诉的内容“蹲个第四爱弟弟。。。”，经查确属违规，依据社区指导原则该内容已被处理，感谢你对豆瓣社区氛围的维护。
豆友253398761,2022-03-24,？ 对 我来吧 微信还是qq 这里不好吗 啊 不是语音吗 没说语音啊 [囧] 我看你在语音组发
收纳师蓓酱,2022-03-23,上海 你呢 我在福州呀 也有疫情 那昨天台湾地震 你那有感觉吗？ 别人有 我没有 昂昂 说明你睡的熟 我那时候还没睡呀 哦哦 我还是在朋友圈感觉到的哈哈哈
豆友255295706,2022-03-23,女孩子嘛 女孩子加我哦 castawayyy-
豆友255205132,2022-03-23,96的 那是姐姐耶 我 00年的 哈哈 弟弟 你在哪个城市呢姐姐 我简介里有 现在也在那里嘛 对 这样 工作啦？
豆友252403511,2022-03-23,已经在工作了嘛 是的 你呢？ 我大四 准备读研 哦哦厉害啊 你想聊什么呀 语音吗？ 你多高多重？ 178 140 [不说]有故事嘛 没有我可就睡啦
豆友254581850,2022-03-22,年龄可以不要卡那么死嘛哈哈 你多大 22
豆友70815263,2022-03-22,叫啥 《程序员下班了》 哈哈哈我猜到个大概 没想到这么直白 好几年前的了 中国第一位程序员是谁？ 不知道耶 沈从文，他写了本书叫《边城》。 你选择的上学的城市都特别好 什么时候复试啊
豆友255155407,2022-03-19,你好呀
豆友248273144,2022-03-16,我陪你呀
豆友254972186,2022-03-15,你好呀 你是m吗？ 对呀
豆友252642267,2022-03-14,你不是卖照片赚钱嘛 你要买吗？二十五块钱八张 六张 是什么样的照片呀 不好意思打错了 裸的 脸照 整体 噢噢 那我加你微信吧 好的谢谢 你给我呀 happyfishwx
豆友254932508,2022-03-13,你好呀 嗯 交个朋友嘛
豆友246160324,2022-03-11,你是学生？ 对呀 大四 哦哦 考研咩哈哈哈 考完啦 上岸啦 [赞][赞][赞][赞][赞] 姐姐在哪个城市呀 武汉
豆友254265670,2022-03-11,你好呀
豆友250174669,2022-03-10,嗯真好 怎么啦 你好像很悲伤 你还在上大学吗 大四了 真好 你呢 工作好多年了 姐姐 ？怎么
豆友249494301,2022-03-10,多少💰 你开呀 你可以语音还是视频呀 浅聊一次，后面看💰🏠大尺度 那你开价呗 先来文字图片呗，一次100 我不聊文字图片的哦 最少也要语音起步呀 语音10m 80哦，20分钟150 视频呢 熟悉之前不视频
想的美美子,2022-03-07,哈哈哈收费的嘛 嗯，不过比较灵活也不贵 加你微？需要的时候可以试试 你多大呀 过3了啊 有颜色的聊天可以赚钱呀 没兴趣
豆友226387931,2022-03-05,你是女孩子呀？ 女 你呢 男 哪里人呀 厦门 好远哦
豆友249468860,2022-03-04,热恋中还要玩具嘛哈哈 是两个人一起玩的嘛 有推荐吗 你是自己玩还是情趣玩具啊 都行
豆友254469559,2022-03-03,那你单身多久啦 一年多吧 这么久啊，那你平时怎么解决生理的呀？ 自己用手呀 怎么不找个女的解决一下呢？ 你帮我嘛 要不我们视频玩点刺激的呀[喜欢] 有感觉了就约 好呀 那你进来我私密房间吧，我们在里面开视频互看
歧燃,2022-03-01,我来我来！ 我来教你！ 加个qq 我手把手教你 真的吗😂 请问您QQ是？ 1121033787
豆友175372190,2022-03-01,很完美哈哈哈 那说明你很好看！ 也不是 我的意思是120的话其实刚刚好，现在是有点儿胖了[喜极而泣] 哈哈哈 没关系 不胖 我可以看看你嘛 算了，别看了，又不是一个地方的 [大哭] 陪你聊天 [尴尬]以前聊过
豆友140056393,2022-03-01,我感谢他的放我一条生路，但现在我真的很害怕，风又大，一点也不像冬天，我没吃晚饭，一直在鼓励安慰别人，可是，我被一群男人在网上攻击。 而我的前任，早就想到这一点，他比我怕，他跑了。松饼，我不会哭的。 [囧][囧] 你怎么了 风刮得窗户像要破了。松饼，我不哭的，明天早上，我还要去很远的地方。 我害怕，我不应该害怕， 我可以加你微信和你语音呀 我去给我相亲对象打。 哦 谢谢你。我会好起来的，感谢每一次可怕的事发生。我会更好的。
豆友239107557,2022-02-28,请问是学什么？ 计算机呀 好吧 未来的码农… 你呢 没有未来的语言类 我好像想起来了 昨晚是说了关于高潮的事情 [尴尬]你不会还要探讨这个问题吧 你不想聊一些色色的话题是嘛 就是我为啥没事说这个。那个回复只是随手就回了而已。。。
豆友246747237,2022-02-26,但是会影响我未来的孩子 如果有的话 还会影响我妹妹 你是大学生呀 嗯 我也是哈哈 猜对了 怎么猜的 看动态什么的比较可爱 有趣的灵魂
豆友154902543,2022-02-26,你是女孩子？
豆友252279786,2022-02-25,你好呀 来啦
咪……兔兔,2022-02-24,熟悉了可以 熟悉了可以干啥 不知道呢 哈哈 你Q给我吧 如果我长得你不喜欢么 呢 互相删了呗 [尴尬] 好的 你给我Q吧 1819255447
豆友62738814,2022-02-24,那倒没有 我就是脸长得比较嫩 不过我本来也还小吧哈哈哈 嗷嗷 姐姐要看我嘛哈哈哈 好耶😆 不给白看哈哈哈 要姐姐微信[微笑] 1203889382 姐姐平时不发朋友圈 没关系 主要是豆邮没有提醒 聊天比较麻烦！
豆友254358361,2022-02-23,你好呀 你好 你要哥哥解答什么苦恼呀
豆友169017269,2022-02-23,你好呀 要学爬虫嘛 嗯 最近上课做项目在学[喜极而泣] 助教讲的不是很清楚什么的 你微信给我 我加你吧
豆友241401233,2022-02-22,我这么小的小朋友！ 怎么会约呢！ 读出来就我甩了 不好意思  脑补韩剧剧情哈哈哈 哪个学校？ 我现在大四 在厦门理工 然后9月在浙江理工读研 噢噢 那你得离开厦门了 是呀 没几个月了 那算了
愉欢,2022-02-21,多少🚪哇 随你便都好啊 [做错事]还是你开吧 随便也太难给了 vv3397 随便真的多少都没关系 那加了我给你发红包
Day,2022-02-21,你好 学习Python吗 您好 我是没怎么用过python想找人带我速度学一下 加微信说吧 你的给我 x256x64x
往事皆错,2022-02-21,你好 需要检查什么软件 你知道链游嘛 就是一个链游的自动点击软件 我从网上下载的，我想请人给我看看，盗号不盗号 好的 预算多少
豆友220052236,2022-02-21,好看就好啦 相处不久的 为啥 情商低 相处不久啊 你怎么会觉得自己情商低呢 情商低的人是不会发觉自己情商低的 相处不好 和别人
豆友253305298,2022-02-18,[囧][囧] 哈哈哈哈 这么直接 是的 你多大 99 可以加个微信给你看嘛 别了 哈哈哈 那互换？ 嗯？
事无绝对,2022-02-18,在？ 你好，刚看到，需要代做吗
ty,2022-02-16,哈哈哈 你有多少朋友呀 有时间的话都可以过来 我们可能总共需要30人，因为我们也是分部门的任务。 所以拆分了 那钱是怎么结算呢 就是一样的 每个人40 大家都会有一个抽奖号 也可以等待抽奖奖品 是先给吗 还是最后再结算 到现场签到后就可以结算了 这个你放心 这个你看怎么样呢？ 有时间来参加吗？
持韧,2022-02-16,妹妹
财神春花,2022-02-16,哈哈哈 那我比你弟弟还小一点 你多大呀 我00年呀 十岁…… 弟弟我们不适合 哈哈哈哈 哪有！ 差的不多 十岁 再差个四五年都可以生个那么大的儿子了[喜极而泣] 哈哈哈 哪有那么夸张！ 我觉得年龄差有点大   会自动想这段感情会不长久   然后对方会抱着玩玩的态度
文小宝,2022-02-15,[尴尬][尴尬][尴尬] 不要嫌我烦就好咯 应该不会吧，不过我在网络上有点冷淡就是了，除非特别聊得来 [笑死了]那我可以加姐姐微信嘛 先在豆瓣聊一聊再说吧，有个魔咒，一般加了微信很快就没声音了 在豆瓣反而有一搭没一搭的能聊着 哈哈哈这样吗 好吧～ 对呀，反正都是聊天呗，豆瓣也能聊嘛
J,2022-02-15,聊啥
momo,2022-02-14,挺喜欢的呀 你看我主页应该会看到我很喜欢长沙妹妹哈哈 你在长沙吗哈哈哈哈哈 我有中文版的福尔摩斯探案，还有英文版的福尔摩斯探案 中文的看完了，英文没有看[笑死了] 我是福建人 只是很喜欢长沙女孩子说普通话 为啥啊？有什么特别的吗？ 就是那种 塑料普通话呀 很好听 有机会可以去长沙玩，有很多好吃的[笑死了]
玛塔塔,2022-02-14,怎么啦！ 哈哈哈 315消费者的节日[嘻嘻] 认识一下嘛 可以呀 加个微信或者qq嘛 可以呀 我加你 castawayyy- 最后有一个杠哦 好滴
豆友198295466,2022-02-14,你好呀
昏鸦,2022-02-14,语音可以吗 ？？ 语音？ 那视频可以嘛哈哈 视频不可 刚起 好吧 微信还是qq 微信吧 817026856132
Miss C,2022-02-14,聊天嘛
abiak,2022-02-13,聊天
kk（女的）,2022-02-13,你好呀 你好 连麦聊天嘛 你帅么 哈哈哈 要视频也可以呀 可以先发个照 可以微信发吗 豆瓣不喜欢发照片
Maxine蜜达,2022-02-13,你好呀
豆友253185122,2022-02-13,你好呀  有偿约炮 线上接不接  来一个红包支付宝口令红包 [尴尬] 先加微信或者qq  先给口令红包
豆友253392851,2022-02-12,你好呀 你好啊 想聊点啥呀 宽泛一点的 考研考得咋样 考的挺好的呀 应该是稳上啦 你已经工作了嘛 还是也是学生呀 哈哈，祝贺啦 保研的我已经毕业好多年了
Márcio,2022-02-11,你好 需要爬取数据那 吗
不要香菜多放葱,2022-02-08,在？ 还需要Python 设计吗 需要的 留VX吧
豆友150071748,2022-02-03,你好呀 嗯 聊天嘛 不
没有蜡笔的小新,2022-02-02,会机器学习吗 回的 会的 加vx castawayyy-
豆友250751121,2022-02-01,新年好呀 新年好 晚安 玛卡巴卡
豆友223917760,2022-01-30,女的吗 对啊 加个微信吧
豆友252499857,2022-01-29,你好呀 你好 聊天嘛 连麦嘛 no连麦 那文爱呀 聊天呀
JJMM,2022-01-28,请问可以导出雪球网公开用户数据吗 爬虫吗 castawayyy- 加微信细说吧 我加啦 麻烦通过一下吧
豆友184445383,2022-01-27,聊天嘛 哪里的 在福建哦 嗯？ [发怒]
momo,2022-01-27,你好呀 你好哦 是一起刷题吗
RRRii,2022-01-27,压力大吗 还好吧 我大四哈哈 可能感觉不到 刚考完研 现在考研人真不少啊 学什么？ 计算机呀 有细分吗 大数据与数据科学 嗯嗯嗯 顺应时代需求 找工作不成问题了
哎哟喂💭,2022-01-26,你好呀姐姐 [鬼脸] 聊天嘛～ 聊天？
面包桃桃酱,2022-01-26,你好呀 你好👋 谈恋爱嘛哈哈
奔波霸霸波奔,2022-01-26,哈哈哈哈可以呀 可以加你的微信嘛 •ᴥ•哈哈还不太熟悉所以不想用微信 哈哈哈可是豆邮很难熟悉起来呢 ฅ ̳͒•ˑ̫• ̳͒ฅ嗯哼？有什么区别么 因为感觉你不怎么看豆邮哈哈 [尴尬]哈哈哈 而且豆邮也没有提醒 蛮累的哈哈
女王大大,2022-01-26,聊天嘛 好听吗 挺好听的 来听听吧 微信 castawayyy- 最后有一个杠不要漏啦 哦
豆友245779094,2022-01-26,加我吧 castawayyy-
豆友238542043,2022-01-26,哈哈哈想跟你聊聊天可以嘛 我也一直挺想玩的 聊吧 不聊天我难受 语音嘛 不得 我不是s 你要找s问问别人吧 不是啊哈哈哈 聊天而已
NN,2022-01-25,听听声音嘛 好听吗 哈哈哈还可以吧～ 不知道合不合你胃口 微信呢 castawayyy-
喜欢桃子🍑,2022-01-23,哈哈哈哈 可是计算机真的也是260多 工科很多都是这分数 是我记忆有偏差了 [哈哈][哈哈] 本省的学校吗 去杭州啦 蛮不错了 好就业 等你好消息弟弟
lucky,2022-01-23,我想起来了 哈哈哈哈 你是个色情狂 没有！ 我没有！ 呦  悔过了？ 哈哈哈 你还不如不想起来呢！ 那你准备这次重开一局 ？
Forus,2022-01-23,大姐姐！ 你好 是多大的姐姐[眼睛] 挺大了 😹😹 隔了两周 [嘻嘻] 平时不太有时间，最近隔离上来看看 那可以加大姐姐的微信嘛 就在这聊吧
豆友249299714,2022-01-19,打红包不太可能[喜极而泣] 哎呀 我不要姐姐的钱！ [假笑] 快把微信交出来啦 你微信号给我 我加你 castawayyy- 最后有一个杠不要漏啦
朵朵🧀,2022-01-19,代做Python  你好！ +v详聊可以嘛 zanilian_
Hailey,2022-01-16,没办法，道德感还是有的 我总是会想起学校的熊孩子们 😂😂😂 好吧 等你再长大点吧 哈哈哈哈哈 养成系是嘛 灰太狼都要把小羊养熟了再吃呢 [眨眼] 好啦好啦
矢的小日历,2022-01-16,你好呀 我不好 为啥呀 我来陪你变好 你没有用 谢谢了
豆友124881061,2022-01-16,你好呀
豆友209747789,2022-01-16,简单介绍一下自己吧 00年 178 135斤 16cm 寒假不回家？ 可以去 你指的春节？ 不会就是大年三十吧 你是哪里人 年边上了吧 在武汉 有一丢丢远 我过去不远呀
每天开心一点点,2022-01-16,😨 已经有代沟了 没有啦 好像做不成这个知己了😭 可以的 可以加v嘛 可以 我加你吧 嗯 xrkiko0909
momo,2022-01-16,你太瘦了… 不要再减了
倾,2022-01-16,睡不着 是因为什么 不甘心睡觉 反正明天可以睡到自然醒 也对
Ich,2022-01-16,哈确实 你想加微信聊嘛 还是在豆瓣 嗯嗯？ 我下午上课去了 hhh微信还是要比较熟再加 对哦 高三学生还没放假嘛 在干嘛呀 嗯？
花微侬,2022-01-15,聊天嘛 还在读书吗 对呀 大四 好好读书！！ 还有一个学期毕业咯 你呢 我已经被社会毒打了
豆友252050193,2022-01-15,不是白嫖哈哈哈 就是在问价格呀 我不会白嫖的 视频要干嘛先 就是 做色色的事 520 陪你打飞机 一次 好想 但是好贵 那就闭嘴
豆友182026402,2022-01-15,你好呀 你好呀 聊天嘛 这会儿已经有点犯困了，哈哈 好吧～ 那姐姐先睡吧 安啦
꒰⌗´͈ ᵕ `͈⌗꒱,2022-01-15,你好呀 你好 咋啦 是因为我发的帖子嘛 如果想安慰我的话谢谢你哦 我就是有点不知所措外加怕死... 忘记为啥了哈哈哈 想聊天来着哈哈
豆友207524193,2022-01-15,聊天嘛姐姐 聊天嘛
momo,2022-01-15,喜欢啥样的弟弟 正常的吧 不要我前男友那种 睚眦必报的弟弟 可以加姐姐微信嘛哈哈 tie984831828 加你咯 你你你 删了我 好绝情！
1988,2022-01-15,嗯 不苦不累，高中无味[喜极而泣] 你是男孩子呀 女的 女孩子学代码比较少耶 还行吧 没有很少吧 那你加我微信吧 我平常也不怎么看豆瓣 好！ castawayyy-
豆友Gjh-pY9_9o,2022-01-15,怎么还不睡 后面就睡了 这样呀 早上好呀 早呀 今天要上班吗 不上
阿茈,2022-01-15,聊天嘛 怎么聊 都可以呀 语音也可以 不方便语音呢 那就打字呀 怎么呢 想聊啥
豆友198209450,2022-01-15,说这个好虚伪 就是陌生人 才放的开 那你继续 平时太压抑吗 欲望比较强吧 ？ 你呢 无聊而已 嗯 好吧
豆友236340767,2022-01-15,我们之前聊了啥 忘了  你多大 那你为啥说又是我！ 22 哦哦 太小了 拜拜 拜拜 聊天嘛
可以只爱我吗,2022-01-15,你好呀 聊天嘛
喵喵,2022-01-14,连麦嘛 语音嘛
豆友252794934,2022-01-14,男的女的？
king,2022-01-14,比我小的都是弟弟 我00年的 那差不多呀 哈哈哈 你呢 一样 哈哈哈 那可以呀 挺好的 交朋友嘛 你在哪个地方 福建
BlackSea,2022-01-14,你好
云,2022-01-13,豆邮好不方便 好 呢 你给我 我上班没事找弟弟聊天 哈哈哈哈哈 castawayyy- 后面有一个杠哦不要漏啦 我复制 👌
哈啰🔸喵喵,2022-01-13,你发我吧 我加你 我加你 等等 聊什么的？ 我不开车 你想聊什么 我不开车 那爆照嘛～ 不 你这哪是找聊友
好好工作学习,2022-01-13,聊个天 想聊啥 听你的呀 看你想聊啥 看你能接受聊啥 一般人不接受的我都不接受
嘿,2022-01-13,那我也没 [外星人] 哈哈哈 可以加微信嘛 我给你录小视频 啊啊啊 要加嘛 想加～ 那你发过来吧 [喜极而泣] castawayyy- 最后有一个杠哦不要漏啦
.,2022-01-13,我喜欢呀 spankee？ 额 你是s还是？ m 那就好 语音玩不玩
钓鱼竿的后裔,2022-01-13,ddd 想聊啥 都可以哇 ＋v？ domisolarro 哈喽。 加你啦
Ms.Jane看星空,2022-01-13,头像是你嘛姐姐 是啊 [微笑]好好看 谢谢~不过这是美图秀秀的ai效果 哈哈哈 可以透过效果看出来很好看 今天有点忙 那姐姐先忙呀～ 可以加姐姐的微信嘛 我怕豆邮看不到 豆油都聊不下去的，加了微信怕不久就要互删了[喜极而泣]
郝思嘉,2022-01-13,[囧][囧]姐姐找这样的人做啥 帖子里写的很清楚了 哈哈哈帖子里写的很清楚要求 没写目的啊 第三条反复看
已 注销,2022-01-13,我在上海呀 好像离杭州不远 嗯 是不远 [眨眼]认识一下嘛 好呀 [笑死了]可以加个微信嘛 好呀 我加你 castawayyy- 最后有一个杠哦不要漏啦
952733,2022-01-13,你不怎么看豆瓣吗 你这么好！ 我不是经常看 那可以加你微信嘛～ re-lizalee 加你啦 我来喂饱你～ [大哭] 可以陪陪我嘛 有偿
沉到底,2022-01-13,更权衡利弊吧 你目前单身 还是恋爱中 单身 不然也不会来豆瓣找姐姐聊天呀 你的目标就是姐姐嘛 妹妹不可以？ 妹妹太小了 聊的放不开啊 你还想咋放开 [微笑]
食锦嚯锅,2022-01-13,小哥哥来啦 文 嗯嗯 来吗 嗯 微信嘛 还是这里 这里
豆友228897150,2022-01-13,你好呀姐姐 你几岁啊喊我姐姐 00年的～ 好的。我儿子就比你小几岁 所以可以叫姐姐嘛 不用了 怎么了 不差弟弟 好吧～
柒,2022-01-13,就地找个能马上吃到的 哈哈哈哈 想语音聊聊天呀 Soul下一个 方便快捷 [不高兴] 你会的好多 没你多 去洗吧～ 好嘞
失踪Holiday,2022-01-13,419是什么意思 for one night 一夜情 违禁词不让发 只能打数字了 [做错事]好专业 哈哈哈哈 古早词汇
豆友209815804,2022-01-13,那是确实无聊 你呢 为什么失眠 生活压力吧 [做错事] 辛苦啦 羡慕你 还在上学 也没几年啦 好好享受
momo,2022-01-13,生日快乐呀 谢谢你呀 聊聊天嘛 不啦我刚刚打完游戏稍稍有一丢丢困 先睡啦 [嘻嘻][嘻嘻][嘻嘻] 晚安啦
皮卡皮卡丘,2022-01-13,有腹肌 有🐔 看看 不在豆瓣发哦 随你 你有东西交换吗 就是说 不能白嫖吧哈哈 有 好 要看哪个
Renee,2022-01-13,姐姐你好呀
不听,2022-01-13,医生姐姐？
走我们去那边,2022-01-13,你好呀
豆友141756294,2022-01-13,聊天 哈哈哈，方便问一下您是北方人吗 不是… 怎么啦 哈哈哈哈哈，个人原因哈，我好像更喜欢跟北方人唠闷子 [喜极而泣][喜极而泣][喜极而泣] 不好意思啦 我是很南的南方 打扰啦 哈哈哈哈哈哈，海南吗 福建
名字还没想好,2022-01-13,啊 文吗 我更想语音 嗯嗯 不行…… 为啥呀 那加个微信文吧 好 你给我 我加你吧 zqx71211
Na na,2022-01-13,你好呀
kiki,2022-01-13,聊天嘛
❤️丫丫,2022-01-12,网文是文爱的意思啦 哈哈哈嗯。我回答完反应过来了 你有兴趣嘛～ 没有哦 那语音呢 没有兴趣哦
动词打次,2022-01-12,你好呀姐姐
如歌,2022-01-12,是不是说错话了 我都没说话   而且卸载了重装找不到app了 因为被下架啦 我才知道 豆瓣太不好用啦 加个微信嘛 也能用 我又下载上了 [大哭]被拒绝了 这不一样嘛
社会王姐,2022-01-12,没怎么出门 [假笑]新冠也不会通过微信传染 你放假了？ 嗯 30号就回家了 那我加你微信？ 好 castawayyy- 最后有一个杠不要漏啦
xxxxxx,2022-01-12,蹲谁呢
草莓芥末CoCo酱,2022-01-12,就是肥美呀 [眨眼] 可以看看姐姐嘛 你学什么专业的呢 计算机呀 哦~~互联网农民工？哈哈哈 差不多吧～ 你怎么扯开话题了！ 什么话题？你说啊 [不说]想看看姐姐
zhou,2022-01-12,你前几天没回我呀 我又来了 最后一次！ 你好呀 你好 哈哈哈你还有我们的聊天记录吗 只有一个“最后一次！” 没印象了。。 [喜极而泣]就是你之前一直没回我啦 [喜极而泣][喜极而泣][喜极而泣]
momo,2022-01-12,北京其实名胜古迹就那样，但是买东西，吃喝都超级方便 在干嘛呀 上班呢 [笑死了] 下班以后聊聊天嘛 嗯 可以加你的微信嘛 你给我 castawayyy- 最后有个杠哦～
阳光,2022-01-12,姐姐好呀 我是男的 哈哈哈男的加北京女孩小组嘛
小小林绿子,2022-01-12,宁波 聊天嘛，位置就不重要了 哈哈哈 就 纯聊天嘛 对呀😂 不然还能干啥 [嘻嘻]我也不知道哈哈哈 没有找过固聊 就是有时候有些东西想分享 比如搞黄色的群？😂 我那就是开个玩笑
Rick(酸黄瓜版),2022-01-12,为什么照片删啦
心伊,2022-01-12,聊天嘛 聊 连麦？ 不方便 那打字吧 可以 你是女孩子呀 恩 你去过好多城市 是
佳子,2022-01-12,20多呀 20出头哈哈哈 有照片吗 微信上有呀 加微信给姐姐发～ OK 你说我加 castawayyy- 最后有一个杠不要漏啦 👌
豆友252707116,2022-01-12,在？
四囍△,2022-01-12,争取三点睡 在看你的关于我 那可得看一会呢哈哈哈哈哈 看起来像恋爱脑！ 哈哈哈哈哈哈哈哈 这么会说话下次别说了！求你！ 达咩 恋爱脑达咩 现在不 以前 多少 是有点吧 那就好～
奶狗🐶,2022-01-12,不会你才是身经百战吧 没有没有 只和前男友做过嘛 对啊 感觉怎么样 除了痛没别的感觉 [做错事] 就做过第一次？ 对啊做了一次太痛了就没做过了 那你平常会自慰吗
一个很穷女孩纸,2022-01-12,生日快乐 谢谢[哈哈]
搓小手过冬,2022-01-12,好吧 你回的有点久呀 不经常看豆瓣嘛 下午晚上的时候会玩 噢噢 [眨眼]那可以加你vx嘛 加qq吧 你几几年的 98 在吗
李莫愁,2022-01-11,那好吧 大不了你不说话就把你删了 哈哈 你的多少 castawayyy- 对了先确认一下我很穷你要是杀猪盘就别浪费时间 哈哈哈哈哈哈哈哈哈哈哈 我不是～ 最后有一个杠不要漏啦 加了
豆友79464610,2022-01-11,怎么骗啊 [悲伤] 哈哈哈不知道啦 不说这个了 说sm 行吧 你是s还是m呢 m 好，我收奴性的要求，身体健康，口舌灵活，服从能力执行能力强 你能不能符合
豆友252642405,2022-01-11,我就信 那你随便找个qq或者微信跟我视频 先给我一点救急可以吗， [尴尬][尴尬] 视频一下还不要5分钟 我会给你足够证据的 那你先给 你才给了五块钱 [发怒] 不给算了
尖叫班班长,2022-01-11,那我去洗澡啦 好哒 [微笑] 考上了吗 差不多考上啦 太好啦！真好 半夜发消息是有什么事要分享吗 没有呀 就是很久没上豆瓣 想你啦 [鬼脸]考上要跟你分享哦 是跟我分享，打错字了
豆友224325736,2022-01-11,听听声音嘛 听听声音吗
豆友213028199,2022-01-11,动图啊 不想看动图 还有没 都是动图 不是 做爱不都是动图嘛 你做爱不动嘛 不要动嗯 那没有啦 不好意思 还有别的需求嘛
The Haahoos,2022-01-11,哪有那么夸张 除非你长的老成 哈哈哈 我长得 不老成 相反 有点嫩 那还是得叫我小阿姨 不要 叫姐姐
momo,2022-01-11,男大学生要嘛
晚风吹过的傍晚,2022-01-11,没有啊 改头像了啊 我记得你叫啾啾哈哈哈 我怎么会忘了你啦 哈哈哈哈哈哈哈哈哈 [嘻嘻] 你的小组隐藏了好多 哈哈哈哈哈哈哈 对啊 我比较注重隐私hhh
我是你的奶茶吗,2022-01-11,什么都可以问吗
张颂文,2022-01-11,你说 哈哈哈你不是要🔞的网站嘛 想聊点🔞的～ 那你倒是发网址啊 没有网址！ 我就是🔞 [尴尬] [眨眼] 语音吗 滚
大果果儿,2022-01-10,哈哈哈 可以一只聊的那种 一直 一直聊 那得以后慢慢看 [悲伤] 姐姐在北京呀？ 嗯 好远哈哈 我是南方弟弟 我是在北京的南方姐姐 先睡觉了 晚安 晚安～
momo,2022-01-10,聊天嘛
豆友252630701,2022-01-10,连麦？
未来,2022-01-10,我需要的是找个人包养我[喜极而泣] 额 我看得懂哈哈哈 [喜极而泣] 噢噢 你是不止看钱是吧 还对人有要求 那不是应该双方要有基础的感觉才能长久吗 啊 是吗哈哈 要是真有基础有感觉还有钱什么事 随缘呗，我又不着急 那你喜欢多大的 90左右的吧
张小六👊,2022-01-10,大了两年呢 哈哈，就是呢 大了两年呢 你找人聊天就在豆瓣聊嘛 可以加微信嘛 可以啊 那我加你吧 Zx7777888881 ？？ 你删这么快
阿悟,2022-01-10,你好呀 嗨 要语音呀？ 我也不知道要说什么
Céladon,2022-01-10,上班也可以语音嘛 嗯嗯 [囧][囧] 什么工作可以这样摸鱼呀 只是最近比较空 语音想聊点啥
豆友252397629,2022-01-10,那我说得很快欸 那我就喜欢快的哈哈哈 哈哈哈哈 你呀 随便说说的欸 没有啦 我又不在乎说话快还是慢咯 可以加姐姐微信嘛 我加你？ castawayyy- 最后有个杠不要漏了哦～
豆友248455806,2022-01-10,我说你赶紧把我拉黑 我不要 我想做你云男友 你爱怎么样怎么样。没时间陪你玩 我怎么了啊… [大哭]为什么这么凶啊姐姐 我不想理你，你看不出来啊？ 好吧 现在？ ？
猫不理你,2022-01-09,[喜极而泣]原来这样 还想说 是不是小时候和现在长很像 哈哈哈 你失眠了吗 是啊 今天头痛 喝了一大杯黑咖啡 现在正在承担后果 抱抱你哈哈 失眠好可怕 我竟然打了那样一篇东西就发出去了  还好没人回 秒删 哈哈哈 怎么啦 没感觉有啥奇怪呀 就很弱鸡…
Alisa,2022-01-09,哈哈哈哈 [尴尬]然后现在在家 就准备考研复试 写写代码做做家教赚💰 以后毕业要做合格的码农嘛 应该是吧哈哈 研究生在杭州  毕业以后应该留在杭州的互联网公司 杭州互联网公司多 哈哈哈 是呀 你呢姐姐 你在上海吗 对呢
看不清未来、,2022-01-09,学生弟弟怎么样 哈哈，不要啦。我已婚聊会被找事 [大哭][大哭]
豆友246193240,2022-01-09,你好呀
豆友172966207,2022-01-08,还在接单呢你！ 不行吗 还聊吗 涨价 [不高兴] 50
柠檬蜂蜜,2022-01-08,聊啥呀 都可以啊
社交恐怖分子,2022-01-08,你好呀 嗨
我变成了一棵树,2022-01-07,你好呀 👋 需要Python 辅导吗
扁平星球,2022-01-06,你好 代写Python  有意可以加我微信哦 castawayyy-
Clytze.,2022-01-05,姐姐要多高呀 180以上可以吗 [喜极而泣]可惜啦 我只有175
飞天小狗蛋,2022-01-04,代写作业吗老师，hyks363，微信
Clover的Solace,2022-01-03,需要Python 代写？ tf1改成tf2能不能写    用tf2的Keras 不是combat.v1那样
豆友249136652,2022-01-03,哦 那我倒是没想约 也没打算语音 哈哈哈  那你是想文爱咯～ 只能这样啊  别的不方便啊  没关系 我都听你的～ 加个微信吧 我加你 castawayyy-
LUCIA,2022-01-03,上大三吗？ 大四呀 快毕业了 明年上研究生了 考上哪里了 好厉害 还是个学霸弟弟 考去杭州啦 真棒👍 你呢姐姐～ 你是北京人嘛 算是吧
秘密,2022-01-03,你好，是否还缺代写？ 我不缺代写啊 我是做代写的 哈哈哈 好的
COLDPLAY,2022-01-02,[困惑] 要好好休息哦 可以加你微信，吗，有点不好意思呢…… 啊，真是，我是个坏家伙 可以啦 castawayyy- 发了，记得通过哦 没收到呀 嗯，网断了
果果,2022-01-02,[微笑]姐姐可以加微信嘛 我给姐姐看 行 castawayyyy- 最后有一个杠哦不要漏了 搜不着 castawayyy- 多了一个杠嘻嘻嘻 不是 多了一个y 这个是对的
露西娅,2022-01-02,认识一下呀[不说] 好呀 你还在上学吗 大四呀 差不多毕业了 明年读研究生 那你在上海？ 不在呀 … 你在福建？ 嗯嗯 明年去杭州读研
黑鸦骗子,2022-01-02,00后弟弟来啦 成年了嘛 哈哈刚好00年呀 姐姐为啥不理我呜呜 吃饭去了 认识一下嘛～
Niko,2022-01-02,你好呀 [打了个招呼] 有偿要弟弟嘛
あおい,2022-01-02,来吧 陪你连麦吗 嗯 vx还是qq 3486196180 qq 被我抓到啦 qq674971979
派pure,2022-01-01,啊啊啊啊我明天就可以回家了 我们考试都不考了你敢信 这是最后一个实践作业 泰感谢了呜呜 太感谢了呜呜 [大哭][大哭][大哭] 😂😂😂 没事 你是长沙的妹妹呀 yes
M.,2022-01-01,在？还需要代做吗
豆友173366931,2022-01-01,来呀 随便聊吗 嗯？ 你要聊荤的吗 不要
Mark D,2021-12-31,你是女的？
scarlett,2021-12-31,[打了个招呼] 嗯哼 聊天嘛姐姐 聊呀 你是姐妹吗 哈哈 我是弟弟 我又来了 你好啊
momo,2021-12-30,你好呀 Vx语音聊天吗 聊荤的还是素的呀
夏天很短,2021-12-30,来聊天 [喜极而泣] 怎么啦 没 你要聊啥呀
Amber,2021-12-30,你好呀 [嘻嘻][嘻嘻][嘻嘻] [笑死了]聊些啥呀 聊歌？ 你在上学还是上班了呀 还在上学呀 奥奥 真好呀
我心遗忘的节奏,2021-12-30,你好呀
脆脆鲨呀,2021-12-30,考得咋样 感觉现在好卷 还可以吧 对了答案应该能上哈哈 哇 恭喜🎉 考的计算机 也要被数学折磨 厉害呀 计算机好难 好冷，我回个家 晚点回你 去吧
txt凉真圆,2021-12-30,你好呀
京子酱,2021-12-29,我今年去过杭州考试 你在哪个城市读大学呀 我在天津 天津大学 南开大学 南开 哈哈好厉害 什么专业呀 金融的 不过打算以后读经济了
L笑寒,2021-12-29,哈哈哈 你很久没上豆瓣了吗 是滴 好几年了 以前豆瓣人还挺多的 你都玩小组嘛 没有固定的 随便看看 我才玩一年哈哈 [眨眼] 我比你小一些 可以叫你姐姐嘛 别
豆友234788844,2021-12-29,我已经在上班了 毕业很多年啦 你们放假了？ 考完研就放假啦 准备怎么过节 回家和小伙伴玩呀 [男拉手] 幸福  我还等着放元旦  你在哪个城市呀
南瓜好难呀,2021-12-28,我也是年下弟弟～ 此年下非彼年下
恋恋手记,2021-12-28,我很乖的 姐姐说啥我都听话 姐姐你每次就上来回一句就不见呀！ 姐姐！ 啊 我也不是厦门的，你这么积极干嘛 就是想认识一下嘛 那你发下你自己的照片 让我看看你 [笑死了]姐姐你加我微信我给你录小视频嘛 然后你觉得不好看就删了我
momo,2021-12-26,[打了个招呼] 来问网址的么 来聊天的 我也是弟弟 对不起 我还是比较喜欢年上 [大哭]
W,2021-12-26,[打了个招呼]
雨一直下,2021-12-24,[打了个招呼] [笑脸]
nuo,2021-12-23,[打了个招呼]
豆友238215183,2021-12-23,那结婚了吗 你简介写了80后呢哈哈 我结婚了还有空聊呀 那姐姐你约过吗 约什么？ 你多大？ 约p 木有 好叭 [笑死了]
豆友194863767,2021-12-23,[打了个招呼] 好啊 聊天不 要和我语音吗 有偿的？ 是呢 能接受吗 不了
女神老师,2021-12-23,[打了个招呼]
萧艾世分世,2021-12-22,哈哈哈 [尴尬][尴尬]哈哈哈 我们有时差 噗哈哈哈哈哈哈哈哈哈哈哈 漂流瓶式联系 我不喜欢哈哈哈 可以加你微信嘛 可以啊 13057616260 加你啦
抓住养乐多,2021-12-22,[打了个招呼] [没有嘴] [没有嘴]终于回我了 被脑壳疼禁锢了呀 哈哈哈 我来治愈你 恩？～ 听听声音嘛 还是做别的事情都可以呀 就听声音[鬼魂]哦
豆友250795246,2021-12-22,[打了个招呼] 嗨 你好呀姐姐 你好阿 喜欢和弟弟做朋友嘛 嘿嘿，你多大了啊 00年呀
柚子,2021-12-22,[打了个招呼]
白兔子,2021-12-22,想听你说话哈哈 你复习了吗 复习的咋样 肖四肖八背完了吗 哈哈哈哈 灵魂三问 保持好心态 不要每科都失误 就可以上哈哈 嗯嗯！
.com,2021-12-22,[打了个招呼] ？ 抱抱你呀 哈哈 谢了 [微笑][微笑]
Era,2021-12-22,我丑啊 好吧～ 你不是颜控么 哈哈有点 反正是 视觉动物 正常 都喜欢美的东西 或者姐姐身材好嘛 不好 好吧～
豆友251899751,2021-12-22,[打了个招呼]
白白-,2021-12-21,那也没比我大多少呀 小姐姐哈哈哈 是嘛？ 我00年的呀 5年诶 不多啦 姐姐我可以加你微信嘛嘻嘻 M_Giiiiii 可以呀 加你啦
豆友213676903,2021-12-21,[打了个招呼]
灵雅,2021-12-21,你好呀姐姐 哈喽！ 姐姐终于回我啦 要做事嘛，很忙的 好吧～ 姐姐现在忙嘛
豆友219427021,2021-12-21,加拿大 弟弟 我要睡啦今天 马上两点了 明天还可以找你嘛 当然可以啦 姐姐你要加我微信嘛 我怕豆邮我看不到 好啊 castawayyy- 最后有一个杠不要漏啦 我的id是zlj-zlj-zlj
Lee,2021-12-21,先在这聊聊？ 哈哈 等熟悉再加可以不？ 哈哈主要是豆瓣私信都没有提醒 经常看不到 那我加你吧 castawayyy- [笑死了][笑死了] 最后有一个杠不要漏啦姐姐 [喜极而泣][喜极而泣][喜极而泣]
干电池,2021-12-21,[打了个招呼] 嗯 你多高多重 175 130  你可以带个女孩子嘛
老甜甜,2021-12-20,干嘛这么嫌弃弟弟嘛 杭州offer也搞定了？ 考研啦 去杭州 [眨眼] 那恭喜你了again [微笑]那可以恭喜我获得姐姐微信嘛 你还是找个同龄的小姐姐吧 你算算呀 85前的快40了  姐姐是不是嫌弃我 我嫌弃你什么啊 我并不了解00后 不是一个时代的 那就了解一下下呀
华夫华夫,2021-12-20,[打了个招呼]
Momo,2021-12-20,[打了个招呼]
胡老师不想起床,2021-12-20,怎么了 又不是未成年 00年是多大 23 嗯。。。 你多大呀 我困了 [发怒] 微信交出来再睡 She0812 加你咯
鹅要加油鸭,2021-12-20,[打了个招呼]
豆友210219274,2021-12-20,你好呀姐姐 有门槛 多少呀 66 有什么福利 肯定有 不了
珍,2021-12-20,在哪个学校 在厦门的一个普通一本 你在哪个城市呀 江西一个小市 可以加你的微信嘛哈哈 可以 那我加你吧 我加你 castawayyy- 最后有个杠哦不要漏啦
CO9,2021-12-20,[打了个招呼]
优尼,2021-12-20,你好呀
豆友beany,2021-12-20,聊天嘛姐姐 帮姐姐消除孤独呀[眨眼] 谢谢小朋友，我在上班 哪里是小朋友！ 是弟弟 那姐姐啥时候下班 我等姐姐 等我做什么，去玩吧 陪姐姐聊天呀 姐姐你多大了 去玩吧
小红烧肉,2021-12-20,你好呀姐姐
修勾收容中心,2021-12-20,你好呀
天寒欲暮,2021-12-20,你好呀
拉菲,2021-12-20,你好呀
南诗之海,2021-12-20,你好呀
文竹,2021-12-20,你好呀
杭水漓,2021-12-20,你好呀
圈圈不想再纠结,2021-12-20,我还是学生hh 那你课多嘛？ 大四没有课啦 所以来找姐姐说话呀 那你要出去实习嘛？ 没有呀 考研 哇，几月考试呀？ 马上啦 还有五天 啊，这么快 对呀
谁是谁,2021-12-20,你好呀姐姐
Lilimiya,2021-12-20,你好呀
Smurf,2021-12-20,你好呀
蜜豆豆,2021-12-20,嗯哼，你好 认识一下呀姐姐 我看姐姐也在姐弟恋组 是的呀，但我没还发帖 姐姐不常看豆瓣嘛 可以加个微信嘛 姐姐？ lvchuang0320 小号哦，因为这里面基本都是真实的我~ 加你啦姐姐
似迷漾,2021-12-20,你好呀姐姐
豆友171922245,2021-12-19,我就感觉自己想不通，熬不过去 分不开嘛 我们最近总是冷战，两个性格差不多，谁都觉得自己是对的。都觉得自己受了委屈 吵的多了就觉得越没意思，但其实后面想想只是一些鸡毛蒜皮 不知道怎么就变成这样了，我经常怀疑自己的性格有问题。也确实有问题 性格不合就分开吧 和朋友逛街的时候会想他在身边多好 但我就是没办法果断的做决定，因为总是怕自己后悔 先睡啦，考研的人不适合听这些鸡零狗碎的事情。好好学习快乐生活呦 哈哈哈去睡吧 晚安啦
星野,2021-12-19,你好呀
豆友244388007,2021-12-19,所以 你只想聊聊天？ 姐姐不是不想和我谈恋爱嘛… 不是 是不想浪费你时间 怎么能是浪费时间呢 用微信说吧 豆邮好麻烦 可以 多少 我加你 castawayyy- 最后有个杠哦不要漏了 已加
豆友251780623,2021-12-19,撩撩我试试 撩你撩你 哈哈哈你要怎么撩
草莓🍓,2021-12-19,有人呀
慢慢瘦,2021-12-18,在？
海棠,2021-12-18,你好呀 好 哈哈我们有时差嘛 有 姐姐[眨眼]
娜娜芝,2021-12-17,来啦
😊×100,2021-12-17,姐姐聊天嘛 ？？？？？ [做错事] 有点久远哈哈
豆友250514329,2021-12-16,还没睡嘛 你好呀
莫邪,2021-12-16,我应该比你小十六岁 那是个故事阿 [囧] 好吧 我就二十多岁 你是学生吗 对呀 嗯 你呢 比你大
菠萝蜜饯,2021-12-16,你也考研吗 是的
无忧  ～ ～,2021-12-16,你好呀
Zola,2021-12-15,看啥医生 不知
豆友247171249,2021-12-15,哈哈哈这么夸张嘛 姐姐你多大啦 80后 我是00年的哈哈 姐姐[眨眼] 真是你姨。。 哈哈哈不是 是姐姐 [尴尬] 嫌弃弟弟呀！
已注销,2021-12-15,来啦 🚗🚗 👀 [微笑][微笑] 你好呀小姐姐 车呢 加微信呀哈哈 我只是⚽️个网址🥲 那不能白嫖嘛
豆友51481076,2021-12-15,要找附近的小哥哥干嘛呀[微笑] 聊聊天呀 你是哪里的呀 厦门呀 在？ 收m? 是呀 你属性是什么呀 m哇 你入圈多久了呀，
月上,2021-12-15,姐姐你好呀
qf%dvtd,2021-12-15,你是男的还是女的呀 男
XM,2021-12-15,你好呀
奈良美智,2021-12-15,来啦
豆友150685719,2021-12-14,再认识一个弟弟嘛姐姐
南溪,2021-12-14,[囧][囧]这么佛系吗 太累了 姐姐你几几年的呀 中年人 如狼似虎的年纪？ 姐姐我又来啦 啊 没有记录了嘛 怎么了 陪姐姐聊天呀
memo,2021-12-14,你是学什么专业的 商英 坚持学习 让自己变得更自律 培养一些兴趣 参加一些竞赛 提升自己的专业能力 同时保持好心情才是最重要的哦 比那些表面的东西重要多多多了 虽然有些老生常谈了哈哈哈 但是我真的觉得是这样呢 不一定要多努力 多苦多累 但做事一定要坚持哦 不一定要给自己定多大的目标 但定下的一定要做到哦  这样才会变得更自律更优秀 最重要的是不要emo哈哈哈 好的 看到这么大段的文字真的有被安慰到 [心] [眨眼]
澄澈透明的世界,2021-12-14,不怕 加油哈哈 一定能过的 我加油，谢谢！ [眨眼]
天生尤物懒羊羊,2021-12-14,你好呀
MalaYomujer,2021-12-14,[哈哈] 听听声音嘛 你V castawayyy- ok 加了嘛 加了呀 没收到呀哈哈 后面有个-不要漏啦 [尴尬]
豆友180317773,2021-12-14,hhhh 你要吗 我给你 免费吗 嗯 OK 谢谢 我加你微信 我加你吧 castawayyy- 加了
生火专用小废柴,2021-12-14,结果发现自己被删 哈哈哈 直接问啊 我没问，当时感觉自己受到了打击 后面觉得再去问，更尴尬 哈哈哈哈哈 确实 一瞬间会感觉受打击 但其实仔细想想就知道根本不是自己想的那样啦 不合情理 是啊 [不说]怎么又不爽啦
豆友212292320,2021-12-14,天呐姐姐你好好看呀！ (不是约炮聊骚的)
乌无,2021-12-14,中老年吗[不看] 难道 不是哈哈哈 是学生 [喜极而泣][喜极而泣][喜极而泣] 不是00后吧 00年的 大四 好难下手 和我弟一样大 你多大呀姐姐
豆友100988254,2021-12-14,你好呀
阿蛮,2021-12-13,有多可爱呀 姐姐要看嘛 弟弟要给姐姐看嘛 想在微信给姐姐看 小弟弟挺聪明的呀 [嘻嘻] Mia-105 Mia_105 加你啦 嗯嗯，看到了
豆友188173245,2021-12-13,听听声音？
豆友232222946,2021-12-13,啥意思呀 啥啥意思 指什么 正向无设定 聊天内容正向 没有具体要聊天的内容
豆友218050956,2021-12-13,姐姐 怎么没回我呀 30 因为豆瓣回太多私信被封了 那可以加姐姐的微信嘛哈哈 那你不能乱说话 不然我会删的哈 先说清楚 felineClara 加你啦
笑笑有被谢到,2021-12-13,不愿意加也没关系啦 豆瓣聊也挺好的 因为你之前说不怎么看豆瓣呀！ 女人心海底针呜呜呜 对啊 随机回复 [大哭] 好吧 喝了多少呀哈哈 一两瓶
牙牙,2021-12-13,你好呀姐姐
one page,2021-12-13,[汗] [大哭] 想哭 姐姐人呢 在 我真的不胖啦 嗯 那姐姐加我微信嘛 加吧加吧 xcya1018
妮可,2021-12-13,今天不用上班嘛 不用，哈哈 你一直在豆瓣上呀哈哈 是不是超多弟弟私信 有一些 可以加姐姐的微信嘛 好吧 [嘻嘻] Leva_1204 加你咯姐姐
豆友248235972,2021-12-13,怎么没理我呀 27 [眨眼] 我23 弟弟好 姐姐你好呀 好啊 在上班嘛 对啊 姐姐你在武汉呀
Haoea,2021-12-13,生日快乐呀 谢谢呀
豆友211801236,2021-12-13,哈哈哈是的 和绘图 你也是南方人呀 嗯 哪个城市呀 南宁 哇 你考的太远了吧 我是福州的考厦门都嫌远哈哈 哈哈确实很远
💫,2021-12-13,你是真的快 嗯 哈哈 怕跑掉了你 你还是待这吧 哭了 加了几分钟 问的什么g8 哈哈哈开玩笑的 我又来啦 ！
.,2021-12-13,我还没睡呀
oookkkko.,2021-12-13,睡不着嘛
水上游乐园,2021-12-13,不是应该成熟了吗 也是如此 他们都有弟弟 父母职业也差不多 这些很重要嘛 都是快意恩仇的人 很重要啊 我好像没办法跟你说清楚了 嗯 谢谢
豆友163979572,2021-12-12,你好呀
行了行了不想了,2021-12-12,你好呀 你好
洞庭湖修点工,2021-12-12,没意思 你多大了呀 25 研究生？ 嗯 我大四 那你太小了 我之前谈恋爱每个月也花好多钱 后来也觉得没意思 然后yp 约姐姐 还比谈恋爱有点意思
吃荔枝也会醉,2021-12-12,哈哈哈 你是男生呀？ 嗯呀 你呢 哦哦 我女生呀 很明显吧哈哈 哪里明显哈哈 你的性别写的男孩子 瞎写的哈哈 总之谢谢你 没关系
琉璃🌞,2021-12-12,你好呀
豆友248887460,2021-12-12,哈哈 你是几几 00 哎呀吗 你这太小年纪了 我都要受惊吓了 [眨眼] 抱歉啊 可以理解 没事
Y,2021-12-12,你也考研？
Happynice Day,2021-12-12,聊天嘛 你好呀
momo,2021-12-12,你好呀 你怀孕了吗 哈哈哈哈 吃太饱了 哈哈哈哈 看起来像是怀孕了 男孩子不会怀孕 哈哈哈哈哈 你想聊啥呀 来啦
薛小鑫,2021-12-12,在呀姐姐
豆友245246570,2021-12-12,可能比你辅导员还大 没关系 如果是90后 就是小姐姐 阿姨 80后 就是姐姐 阿姨 姐姐 还是阿姨 那你多大 不管多大，就是阿姨
慕雪,2021-12-12,聊聊天再睡吧
momo,2021-12-12,还没睡 睡不着 现在有啦
Jane,2021-12-12,聊天嘛
豆友229587112,2021-12-12,莫名其妙对我很冷漠 也有很多天不联系了 之前每天都联系吗 是的 哈哈真的只是朋友嘛 真的，认识很多年了 说不定他有心上了 或许吧 我困了，先睡啦 谢谢你，晚安
momo,2021-12-12,你好呀 Hi 哈哈我可以先替你未来的男朋友分享嘛 分享什么呢 快乐安慰和悲伤蛙 [喜极而泣] 或者聊聊天
友什么友,2021-12-11,姐姐你呢 姐姐30 姐姐也不大呀 90后 还好 如狼似虎的年纪 弟弟现在也是啊 每天都想要 天天硬 姐姐跑啦
一切顺遂,2021-12-11,聊天嘛 嗯嗯 你在干嘛呢哈哈 没干嘛
静静的-糖,2021-12-11,你好呀 你好 聊聊天嘛 恩 你上次还没告诉我为啥讨厌自己的性格呢 矛盾 什么矛盾呀 性格 [尴尬] 你还在上学吗
豆友251420863,2021-12-11,怕聊着聊着睡着了 睡着就睡着 怕我听到你打呼噜吗 哈哈哈有可能 那就打字吧 不语音了 都可以 如果没回就是睡着了 那打字也想去微信打哈哈 不想用豆油
已zhuxiao,2021-12-11,你好呀 不太好呢 怎么啦 [眨眼] 不会是想要了吧哈哈
豆友251517211,2021-12-11,你好呀
不做仙女很多年,2021-12-11,那你先介绍下自己呗 就是00年的小奶狗弟弟呀 其他呢？ 你问我答 身高 175 别了 套娃 我能把你装下 姐姐你这么高呀
豆友251531619,2021-12-11,同类是也是大龄女青年的意思吗哈哈哈 [尴尬] 不分男女吧…
豆友237536952,2021-12-11,你是声控嘛 声控 那姐姐要听听我的声音嘛 晚点吧 好呢 姐姐不在家嘛现在 语音我就聊绿色的，你想清楚哦 不是语音啦 就是 语音条哈哈
InSAne,2021-12-11,去玩当然喜欢了哈哈 当时和女朋友一起去的 当时的女朋头也是姐姐吗 没有啦 我没有跟姐姐谈恋爱过 当时是同学 更厉害了 你只跟姐姐约 [尴尬] 额 听起来很奇怪 应该说只和姐姐做好朋友
麦兜响当当,2021-12-11,你好呀 你好 哈哈哈你的网名好有意思呀 哈哈，是吗 你能看懂吗 看不懂 啥意思呀 没事，是一句外文的发音
奈良与鹿,2021-12-11,你好呀 啊 已经睡着了嘛哈哈 是的呀昨天睡着了   今天来啦就好啦 你平常不怎么看豆瓣嘛 逗班没提醒窝点进来才看得到 那我可以加你有提醒的社交平台嘛哈哈 我觉得没必要了吧  就这上面聊好了 你在戒色嘛姐姐
一米半的忧伤,2021-12-11,你好呀
舊時光的街,2021-12-11,因为豆瓣没有消息提醒，可能没有不能及时回复 哈哈哈 那可以加姐姐的vx聊天嘛 哈哈哈哈哈，不用了吧 之前加个一两个也不说话 免得占内存[喜极而泣] 不聊就删哈哈 而且微信好友怎么会占内存呢！ 我是学计算机的 不会的啦 哈哈但是我也是蛮说啦 没关系不加就不加 我倒是无所谓 你多大啦姐姐 90后
幸福平安hyk,2021-12-11,不应该呀 最后十几天了 感觉还好呀 不是特别严重的事情 不应该被影响哦 考完不是还有的是时间嘛 可能就是最近背书挨一起 反正就不知不觉 日久生情吧可能 女孩子喜欢女孩子是一种什么感觉 跟喜欢男生一样 [喜极而泣] 就是喜欢的感觉
葡萄的亚子,2021-12-11,你好呀
豆友97142813,2021-12-11,在干嘛呢 刚吃完饭呀 姐姐你很少看豆瓣嘛 嗯  是的 那可以加姐姐的vx聊天嘛 你经常在这里？ 刚认识还是加抠吧 可以呀 那就qq吧 我也不经常看豆瓣 424134966
流心奶黄包,2021-12-11,[嘻嘻][嘻嘻] 又是你耶 诶哟好巧哈哈哈哈哈哈 你和男朋友还好吗 就那样啦，他干什么我也不管他了，他爱找我就找，不找我我也不找他 好 再找个新的 哈哈哈哈哈 [肌肉] 我发现你的电影都是恐怖片 嗯哼
牛栏山糖水,2021-12-11,只要北方人嘛
兜兜手里的🐱猫,2021-12-11,你好呀 你好呀 聊天嘛姐姐 来来来 哈哈哈你回的好久呀 不怎么看豆瓣嘛 偶尔 早早早 哈哈 那可以加你的vx嘛 豆瓣有点难聊天呀好像
等等豆包,2021-12-11,在嘛 谢谢你关心我 你长得那么好看 为啥说自己丑 凡尔赛呜呜呜
碱性舞女桃子🍑,2021-12-11,乌鲁木齐 隔得好远哈哈 你是几几年的 高二 那我想每天夸你哈哈哈 哈哈谢谢 可以去你的微信夸你嘛 行 你给我吧～ MetalSarah007
豆友172309207,2021-12-11,你好呀
你的心不许凉凉,2021-12-11,97 那还叫啥姐姐呀 没差多少  老了 还年轻啦 有男朋友嘛 没有 姐弟恋怎么样！ …… 小屁孩 你才是小屁孩！
茶汤里的痴人,2021-12-11,明年去杭州了 [尴尬]你回福州 杭州那挺好的 你是去读书，还是工作 考研 福州也不想回 噢，挺好的 [晕眩]加油哦 恰同学少年 睡觉吧 早点休息
等火锅料的人,2021-12-11,你好呀
喵嗚嗚嗚,2021-12-11,随便 荤的还是素的 素 好 你还在上学嘛 在呢 研究生？ 是啊 你在澳门呀 对
豆友180007586,2021-12-10,你好呀 你好 聊天嘛 不聊天谢谢
🍀一条小🐠,2021-12-10,姐姐聊天嘛
米酒。,2021-12-10,我不管 我18你也得叫姐姐 姐姐 我最乖了哈哈 乖 哈哈哈 那可以获得姐姐的微信嘛[眨眼] 勉勉强强吧哈哈 939217519 加你啦
豆友197461193,2021-12-10,那你要努力一下 好～ 想要你的微信再努力可以嘛哈哈 哈哈哈哈哈哈 Ok 我的id就是 [猪] 呜呜呜搜不到 L52865522 你搜错了吧[猪]
不穿奶罩的甲天,2021-12-10,你好呀
从不穿奶罩,2021-12-10,你好呀
默默,2021-12-10,嫌弃弟弟吗哈哈哈 我怕我已经out了 姐姐几几年的 我30了 是小姐姐 30不大啦 好的谢谢 加个vx吗哈哈 不要了 聊天嘛
豆友234113874,2021-12-10,姐姐～ 在嘛
焰,2021-12-10,[哈哈] 那现在人就来啦 那可不可以加你经常看的平台呀 啊 这上面聊不也挺好吗 嘻嘻嘻 因为你回的好慢呀 [喜极而泣] 这样不也挺好 像书信来往一样
一只大丑梨🍐,2021-12-10,弟弟啥都可以聊 睡吧 [疑惑] hh 被赶走了 你我他行不行 姐姐弟弟的好无语 哈哈哈 对不起 去睡了 你也早点睡
Eazin,2021-12-10,十几天后哈哈哈 刚刚刚抢完考研酒店 不错不错 哪个学校哇 杭州电子科技大学 感觉姐姐离跑掉不远了哈哈 可以加姐姐vx.么 哈哈哈哈哈 杭州啊 嗯呢
豆友240730271,2021-12-10,前男友哪里好 说不上来 额 你们分开多久啦 5年了 5年了还记着！ 嗯 你怎么还没睡呀 马上 好吧
豆友242739085,2021-12-10,我还等了半天呢！ 怕回复消息不及时 [汗] 我能说私信有点多 回不过来哈哈哈 啊 好吧 我去排队了 明天再聊吧 我有点懵
爱吃鱼的虾米,2021-12-09,聊天嘛
酱七,2021-12-09,好哦 找男孩子说说话嘛 真正的男孩子哈哈哈 很年轻的样子？ 嗯 还好吧 但也不是小孩 781806983 微信号？ 是的 加你了
Amber,2021-12-09,你好呀姐姐
momo,2021-12-09,你约了很多？ 姐姐？ 都是姐姐 但是不多 哦，我记得当年我20岁才破处 哈哈哈哈 才？ 我也差不多啊 你把我当多小哦 00年今年也22 快23了
Elaine.,2021-12-08,你好呀 你好呀 聊天嘛
水无月诗筠,2021-12-08,来豆邮放松放松 嗯嗯 不错 我那时候也是 你是几几年的呀姐姐 我是九八年的呀 那和我也差不多啦 你00年嘛 对呀 喔喔
Xuueee,2021-12-08,那你不加微信啦？ 早睡吧小兄弟 考研人得注重休息 嗷 好 微信后面再说吧  哈哈哈 好 睡啦 明早还有课
豆友248049842,2021-12-08,你好呀 ？？干嘛 聊天嘛！ 没兴趣
麦小麦的麦,2021-12-08,那谢谢姐姐了 好贴心 有些人就是只想着聊骚 姐姐是个热情的人吗 生活中算是吧 你呢 看你热情的定义是什么 就是话多吧哈哈哈 我也不知道 聊得来就话多 话不投机就半句多
酷不起来的丧＊,2021-12-08,你多高呀 164 挺高的啊 不管用呀 啊？啥不管用 勾搭男人不管用嘛哈哈哈 ？？ 那你说啥不管用 没啥 就是随口一说 好吧
浮梁坠月,2021-12-08,姐姐你多大啦 28 哈哈哈不算很大 94年的？ 挺小的啊！ 93年的 对我接触过的姐姐来说不算大啦 好吧 要试试嘛 弟弟聊什么都可以的
V5没有了,2021-12-08,今年大四吗 嗯呀 这个时间大家不都在学习了 你怎么在逛豆瓣 略略略 不可以制造焦虑 [汗] [尴尬] 姐姐你好正经 [汗]
余数有六七八,2021-12-08,弟弟很成熟的 比如 除了家庭工作哈哈哈 哈哈哈哈 [微笑]还是嫌弃弟弟太小嘛 弟弟哪一年 哈哈哈哈 00年的 额…… [不说]但是80后的姐姐也约过不少哦
小叶,2021-12-08,你是男的？
豆友236934451,2021-12-08,哈哈哈哈 谁说我在江浙沪了！ 嗯嗯嗯？ 那你在哪 福建 贵州 我更南 哈哈哈 你胡说 我南多了
豆友241569200,2021-12-08,想认识新朋友嘛
核桃妞,2021-12-08,对的！哈哈 看你的动态 你很喜欢你师兄嘛 不不不  师兄就只是师兄啊 我们互相谁也不喜欢谁 我现在没有喜欢的人 哎 说来真是苦恼 好想谈恋爱 呜呜 你是牡丹嘛姐姐 不是呀 那就好嘻嘻嘻
是个m,2021-12-08,嗯嗯 很喜欢你的一句话 管着你也宠着你哈哈哈 嘿嘿 是吗 你想要什么样子的 合得来的吧 试试吧哈哈哈 加vx嘛 不加 那就用豆瓣嘛 嗯嗯
兹韦列夫,2021-12-08,哈哈哈 你喜欢啥样子的 不难看就好呀 那你可以不可以加我微信呀 我给你看 不好看你就删掉 那可不可以先发 哈哈哈 发照骗多没意思呀 我给你录小视频 不 [大哭] 难过
追光的少女,2021-12-08,你好呀 嗨 你多大 我22
燃,2021-12-08,想聊啥姐姐 都没5分钟呢就又睡着啦 姐姐醒了嘛 5点半醒的 那么早呀 每天都是 习惯了 那晚上几点睡 最晚24点 你昨晚就很迟呀
momo,2021-12-08,你好呀 ？
想太多小姐。,2021-12-08,我也还好吧 你结婚了嘛姐姐 姐姐结婚了呢 这样呀 英年早婚 你有女朋友了吗？ 现在单身 单身挺好呀 很自由 你的婚姻怎么样呀 结婚多久啦姐姐
月亮邮递员,2021-12-08,[微笑][微笑] 你太会撩啦姐姐 我这是撩吗？ 我这不是说实话 你这样说我只能说你猜中了啊哈哈哈 哈哈哈哈哈 难道不是吗 当然是啦 谁会不想漂亮姐姐呢？ 嗯 是的呢
挺老实一孩子,2021-12-08,你好呀 聊聊天嘛 不 [大哭]
77🔥,2021-12-08,骗过谁都会知道的 哈哈 这个是干啥了来着 唉不用解释了吧 懒得解释 还想了解不 有很多骗人的办法 方法 可是骗不到钱啊 还有新的
豆友179964125,2021-12-08,还没睡啊
熙,2021-12-08,你的工作怎么啦 大概就是我想遴选，类似于从公务员往上走，就去省级机关，然后我今年是第三年去签字了，他们不让我去考试，不同意报考，说我有服务期限，五年内不许动，然而我是高分进入的，不存在这个问题 三年啦，每年都拒绝 晋级失败的意思嘛 不是，就类似于，你想通过考试，去更好的地方呆一呆，他们偷走了你得桥梁，你现在只有两个选择，原地忍耐，看他们下一年会不会善良把桥梁给你，你在努力往上攀爬，要么就跳下去算了 为啥要偷走你的桥梁 就是人为设置障碍呀 好复杂 但是好像只能接受 为什么让你学习呢，因为金字塔越上段，他们关注于自身更多一样，但金字塔中下游，大家会觉得你凭什么上去 [害怕][害怕]
追赶时光的脚步,2021-12-08,聊天嘛
PillPill,2021-12-08,聊天嘛
豆友249811658,2021-12-08,对啊 [赞Gold][赞Gold] 精致姐姐哈哈 哈哈哈 姐姐在岛内嘛还是岛外 思明 吃饱了 一会得休息一下 睡个午觉 还没睡呀
江湖大道,2021-12-08,聊天嘛
佛系小陈,2021-12-08,打字嘛 还是语音呀 语音 打字聊嘛 我不方便语音 我想躺着睡觉哦 打字白天有空聊呗 那明天白天我找姐姐 会在嘛哈哈 到时候看呗 呜呜 好吧 懂了
Augenstern,2021-12-08,22 你呢 20 这么小呀 语音么？ 在嘛 在啊 语音还是打字 语音 语音不方便哈哈
是云彩云彩,2021-12-07,年的 这样 我也是00年的哈哈 啊一样大 你大四嘛 嗯啊 在哪个城市呀 你在哪 厦门呀 厦大？
厚乳拿铁加冰,2021-12-07,你好呀 在嘛在嘛 测试可以分享一下嘛 http://test.48haotest.cn/
Shelly,2021-12-07,聊天嘛
暮野,2021-12-07,哈哈 聊天不需要用眼睛 好叭～ 姐姐好正经 不然呢 没有啦 可以加姐姐vx嘛 这里聊也一样啊 呜呜 好吧 [笑脸]
晨来晨往,2021-12-07,刚毕业吗 你还上学呢吗 工作了 嗯呀 大三吗 大四 哦哦 考研吗 对呀 好辛苦
戈画,2021-12-07,厦门00年的小奶狗哦 认识一下嘛 我附了你都不理我！ 哦 就哦[发怒] 理你了，别闹了，乖。 噗 不聊聊天嘛 没什么可聊的呢 好吧
冬日可爱,2021-12-07,你想了解我啥哈哈哈 我给你了解 我不想了解，说实话，已经没有那么多想探索别人的想法了 没关系 我自己脱 你在说什么 [沉思] 没有 好吧 我自讨没趣
臾,2021-12-07,嗯 可以 自己去的哇？ 高中哈哈哈 学校夏令营 和女朋友一起 那你女朋友呢 以前啦 现在没在一起了 我去伊朗都是一个人去[舒服] [害怕][害怕] 穿越欧亚大陆 [鬼脸]
豆友197390007,2021-12-07,那怎么办呜呜 qq嘛 没有q 你玩思语么？  那是啥呀 也是聊天软件 你都玩那个嘛 嗯呢 那个可以聊什么 聊天啊
Xunxun,2021-12-07,你好呀
吃一口麦片,2021-12-07,有人呀
云想,2021-12-07,你好呀 你好 找到聊天的人了嘛 还没 你多大 23 好小啊 你多大姐姐？ 比你大多了 那是大多少哈哈 我没少跟姐姐玩哦
momo,2021-12-07,哈哈哈哈哈哈 怪我 太突兀了 竟然还搜出了小网站 啊 这 虽然我不是什么正经人 但这个单词是正经单词 我也万万没想到啊 快加快加 后面有一个杠不要漏了哦
同花顺,2021-12-06,聊天吗 聊一会 为啥一会儿 你不是熬夜嘛哈哈 熬不住了 固聊每天熬夜和你聊啥 一定要熬夜聊 什么都聊 哈哈哈 难怪聊那么迟 懂啦
∠应该告别,2021-12-06,这里也可以聊天啊 主要是因为豆邮没提示哈哈哈 我也不经常看啦 这样啊 [微笑][微笑] 有机会嘛！ 你微信号多少 castawayyy- 最后有一个杠哦 不要漏啦
Lili,2021-12-06,你好呀
KK,2021-12-06,哈哈哈哈哈 嗯嗯？刚好看到你发温柔的男孩子是宝藏 [嘻嘻][嘻嘻] 我可以做你的宝藏嘛 看你有多宝藏！ 怎么证明我的宝藏！ 看你可不可爱！ 你说长得嘛！ 性格 性格很可爱呀
婷哈,2021-12-06,你好呀 你是s嘛哈哈 不是 这样 你问这个干啥呀 问问 那你现在知道了吗 知道了 聊聊天嘛
豆友181484573,2021-12-06,研究生考杭州 好吧 准备考杭州哪个学校呀 杭州电子科技大学 哦哦 可以加姐姐的vx嘛 姐姐跑了呜呜 异地太辛苦了[喜极而泣] 认识一下都不嘛 好吧
李笙昀,2021-12-05,抱歉了弟弟 或者妹妹 hhhhh 22岁今年 现在00后也玩豆瓣了？ 年轻着呢 真好 没有 我是个别哈哈哈 而且我是00年的 00的也不是很后
灵魂的两个碎片,2021-12-05,你好呀 好 聊天嘛 准备要睡了 好叭 [哈哈]
荼靡PlanX,2021-12-05,你好呀
可颂小猫,2021-12-05,好看到马上领证那种哈哈哈 那我也想验一下弟弟的 嗯……手吧 我喜欢看手 [大哭] 只看手嘛 看来是帅弟弟 给我看看脸 加微信给姐姐看 nimbusvi 加你了
奶茶不加糖,2021-12-05,请你喝奶茶
豆友201412845,2021-12-05,组里不能回复啦 你发了也不会有回复的
脑子有病,2021-12-05,聊天嘛
漪漪,2021-12-05,你好呀
momo,2021-12-05,你好呀
小蝴蝶,2021-12-05,我才不傻 用豆邮聊嘛 还是加微信呀 啊呜 这个 都可以呀 你说的不正常聊天是说啥呀 没事 [眨眼] 那我加你微信吧～
麻瓜,2021-12-05,你好呀
兔兔很好吃的吧,2021-12-03,你好啊
豆友189932408,2021-12-02,弟弟来啦 奥？ 哈哈哈 姐姐不是想要个弟弟嘛 你多大呀 00年 确实好小 不喜欢嘛 喜欢身材好的
🍓仙女渣渣,2021-12-01,你好呀 版聊吧 私聊玖玖加🛰️
豆友251022667,2021-12-01,在吗 在啊 这个不怎么看[尴尬] 那可以加v吗哈哈哈 薇不随便加人 有q吗 1121033787 同意
豆友222776665,2021-12-01,你好呀
一粒LL.,2021-12-01,Haha你好呀 [不说]你长得好漂亮呀姐姐 谢谢~ 可以交个朋友聊聊天嘛哈哈哈 可以啊 现在不就正在聊天嘛 想要个微信哈哈哈 哈哈哈我不加豆瓣的豆友sorry 好吧好吧～ 那就豆邮叭 嗯啊
月亮与你谈心,2021-12-01,你呢姐姐 广州 那挺近的哈哈 我前几周刚去过广东 加微信聊咯 好～ 你给我吧姐姐 lovexian430 加你咯
想借妳的木兰,2021-12-01,你好呀
Yummy,2021-12-01,想聊什么 看你呀 能接受聊什么 你多大呀 00年的 哦 你呢？ 80 哈哈哈 是姐姐耶 姐姐你想聊啥
上牙膛上的花椒,2021-11-30,啊 当然喜欢帅的 我们这边帅的不太行 为啥 就是没有特帅的 噗哈哈哈哈 好 加油 哈哈哈哈哈哈哈 好 你也加油 好好学习
豆友193625763,2021-11-30,你好呀
春播一粒种,2021-11-29,噢噢学到了哈哈哈 我受不了豆瓣了 加v嘛 这里也听不了语音 QQ如何 哈哈哈哈哈 小朋友爱QQ 我都可以的 那就QQ吧 我加你 1121033787 加了
独自等待,2021-11-29,姐姐你身材好好[嘻嘻] 谢谢 所以你对弟弟感不感兴趣呀！ 没有啊 姐姐要高冷 哈哈哈 那如果要姐姐的微信 是不是也要被拒绝 18810368520 不愧是姐姐 给微信都好高冷～
徐慧,2021-11-29,在陪小哥哥聊天 点单的 多少钱呀 25元半个钟 就打字？ 语音，哪会打字，白天大哥会聊聊天就打字，也不收费呀， 哪有那么势利眼啦 哈哈哈 接视频吗 视频没
momo,2021-11-29,你好呀 你好 我声音也挺好听的哈哈哈
momo,2021-11-29,啊 哈哈哈哈哈哈 所以感觉不是很好～ 不过应该关系不大 嗯嘛 不过谢谢你呀 刚好提醒我该换头像了 但是我真没想到会有这种新闻 这个头像不错哈哈哈 嘿嘿嘿
豆友250746938,2021-11-29,今晚我是玫瑰树下的夜莺，要在你耳畔啾啾一整宿
🍀🍀🍀,2021-11-29,第一个不久 这个久 多少年了 一年半 一年半也久呀！ 我专一啊 那你大部分时间都是单身呀 对啊 好叭 你喜欢被口吗
萄萄,2021-11-29,赶我走我就走 不是呀 我要早起呀 不让我睡了？ 明天起不来了 老板要骂人了 好 去睡吧 乖哈 晚安~ 晚安💤
momo,2021-11-28,Hello 聊聊天嘛哈哈 我在树洞组和姐弟恋组都看到你了～ 我加的组太多了 啊哈哈哈 所以你为啥加姐弟恋组呀 就是玩儿 哈哈哈哈 那愿意和弟弟玩嘛 看什么样的弟弟 主要还是看人[喜极而泣] [不看]我呀！
豆友43351740,2021-11-28,你好啊 2000
朴树,2021-11-28,是的 有什么要求和需求呀 聊的来就好 哈哈哈 你多大啦 90你呢 00哈哈 [喜极而泣] 怎么样哈哈 不咋样 好吧～
豆友249965439,2021-11-28,你好呀 你好 哈哈哈聊聊天嘛
豆友193377053,2021-11-28,这也不可以视频啊 我们换个聊天方式呗 换啥聊天方式呀 vx? 微不方便哦 你玩q吗？ 那啥呢 玩呀 2322103867 加我吧
😇,2021-11-28,来啦
Anna,2021-11-28,加v不方便聊这些 好 都听你的 q吧，应为我工作也用 那你给我吧 嗯，给我工作号给你 给呀给呀 3375833580 加你啦 好的
南风知我意,2021-11-28,没有男朋友吵架 喜欢的人脱单了 emo [尴尬] 你多大啦 你呢 我大四 哈哈哈哈哈哈 年轻 但我不会emo哈哈哈
🧐,2021-11-28,[囧][囧] 因为我经常很忙，也没有朋友跟我一起，我微信经常一天到晚没有一条信息 感觉都被世界抛弃了 又委屈又孤独 那就不要让自己那么忙呀 休息休息 可是我明明是个很好相处的人啊 会特别多，特别多，我最紧张的时候一天开过14个会 从早到晚 我感觉出来啦
🍑,2021-11-28,[打了个招呼] [嘻嘻] 你好呀 姐姐？ 壮丁来啦 晚好 晚上好呀
豆友250254993,2021-11-28,发现到处花钱之处 上学就简单 为啥有那么多亲戚串门 因为需要走动 做人 好复杂 我在考研 不想那么快工作 考研加油 加油加油
草莓怪,2021-11-27,你好呀！
米梦,2021-11-27,睡了吗
Key,2021-11-27,你好呀
止扇,2021-11-27,在嘛[没表情]
初夏,2021-11-27,年龄身高长相巴拉巴拉的 没有啊  只是聊天而已 你多大啦 可以问嘛 23 99年？ 98 我是00年的～ 那算了 吐槽也不能找必我小的 好
Dovis,2021-11-27,四川 成都 那你就是四川人咯！ 不是咩 你猜猜 我猜猜 哈哈哈哪里猜的到 河南哒 噢噢 我是福州人 哦～
妳是雾我是酒馆,2021-11-27,谢谢 可以认识一下嘛 交个盆友～ 不约 不是约啦哈哈哈！ 就是聊聊天而已的那种！ 不过如果也不愿意也正常啦～ 我不太喜欢在网上认识人 心理阴影比较大 不好意思 好～ 祝姐姐生活开心
Insane,2021-11-27,你好啊姐姐 好~ 找到心仪的弟弟了嘛 这是我自己的事。 哎呀 我想说的是要是找到了我就不打扰啦 这是我操心的事，你做好你自己就好了，不要窥探别人的隐私，冒犯别人
མི་རྟག་པ།,2021-11-27,你好呀 你好 聊天嘛姐姐
小羊腿,2021-11-27,哈哈哈姐姐你好好看！ 谢谢 可以认识一下交个朋友嘛哈哈 没这个必要吧～ 呜呜好吧～
zero,2021-11-27,聊天吗
豆友235904474,2021-11-27,[大哭]还要同城呀 我不在北京 嗯 [失望] 聊聊天也需要同城嘛哈哈 见不到 也没啥意思 可以视频哈哈 。。。 好啦好啦 不愿意就不打扰啦
空空,2021-11-27,嘻嘻 昨晚睡了哈哈 刚起 需要一个聊天的弟弟嘛 需要啊 [不看]我来哈哈哈 但是我不经常看豆瓣～ 可以加个微信嘛 不想加 [大哭] 好吧
夏天的风,2021-11-27,你好呀哈哈 找到男闺蜜了嘛
天将明,2021-11-27,聊天嘛
小雪糕,2021-11-26,但是更想跟姐姐聊天 你是男的 是啊 那你为什么头像是大肚子 男的为啥不可以大肚子很可爱呀 ？ 为啥不可以是大肚子 哈！ 我又来了！ ，[喜极而泣]阴魂不散
momo,2021-11-26,你好呀
南冥有猫,2021-11-26,你好呀 你好呀 我当你的知己怎么样～ 可以啊 加vx还是qq哇 你把qq发我把 1121033787
前进的蜗牛,2021-11-26,你多大呀哈哈哈
短腿小柯基,2021-11-26,有 非常！ 所以？ 嗯？咋啦 你是s? 嗯？ 跟我“嗯？”？ 啥意思 我没有太听懂哈哈 智力有残缺那就没办法了
阿念,2021-11-26,说啥都不懂 我就会感觉爹味很重 就会瞬间不想聊天 对 她就是那种说话不过脑子的 00后妹妹 豆瓣的网友吗 现实的 这不是重点 这样… 那重点是啥 [囧][囧]
破夏哭,2021-11-26,你好呀
沫儿,2021-11-26,聊聊天吗 不 好～ 祝生活愉快
豆友247303149,2021-11-26,聊天吗 不是wsn哦
❤超市,2021-11-26,聊天 ？ 啊 看你发帖的 不聊天嘛 你男的女的 男的 哥们在哪高就？如今经济形势如何 你是男的？
Cc,2021-11-26,睡了嘛 还没呢 哈哈哈昨晚我睡了 租房？ 不是…
朵朵讲瑜伽,2021-11-26,姐姐你在准备考研呀
森林田园人系,2021-11-26,上 哇！ 这话说的我太感动了 嗯…可以认识下交个朋友嘛～ 可以 哈哈哈 那可以加vx嘛 我不经常聊天的 没关系呀 我也不经常 liebe_yajiD
绘倾城,2021-11-26,到也不是 只是不想时刻盯着手机 可以有一句没一句 我恰巧很讨厌有一搭没一搭 那完了 恰巧撞你枪口上了 我也讨厌 但是你又不想一直看手机 好像无解了哈哈哈 是啊
起名好难,2021-11-26,你们专业考研不卷嘛？ 马上都要考试了 挺卷的 计算机 学习 ！！ 姐弟恋！！ 你会后悔的 快去学习 姐弟恋！
豆友234102451,2021-11-26,聊会儿嘛 聊 [不看]想聊点啥 [发怒] ？ 你上次没有回我
豆友147825052,2021-11-26,好呀 有点哈哈 你呢 那就睡觉～ 好～ 我也有点困了 睡吧 晚安～ 嗯呐 晚安😊 今天也在熬夜嘛哈哈 早呀哈哈 昨晚没有呢 昨晚想早点睡
Stronger,2021-11-26,好多次了 这样 可以看看你嘛 不 可以互换照片嘛 你要帅哥就可以 哈哈哈 我比你小会介意嘛 会 [失望]
豚喵,2021-11-26,聊天嘛 聊什么呢 你为啥忽然想找人聊天呀 有心事吗 一个人待太久了，孤独 不过我现在准备睡了 困 这么早呀 好吧 我老夜猫子了 聊天
松鼠在西风漂流,2021-11-26,我也是开玩笑的啦哈哈 我喜欢比我大的 身材比较丰满的 呜呜 丰满我勉勉强强 哈哈哈是嘛 我只要身材🉑其他都不重要哈哈哈 啧啧 这种男人不能要 去头可食 真可怕 你长得好看呀
豆友248860721,2021-11-26,睡了嘛 你多大啦 24 咋啦
豆友244082987,2021-11-25,对！ 很冷 我在宿舍还穿短裤短袖 羡慕 那你是甘肃人嘛 还是只是读书 只是读书 那你也是北方人嘛 嗯呢 我是南方人 所以特别怕冷 嗯呢~
熬夜会有黑眼圈,2021-11-25,打字吗哈哈哈还 还是你懒得 打电话？ 不方便打电话～ 我就是闭着眼睛不看手机了 不好意思哇 [喜极而泣][喜极而泣]好 没事
小甜甜土豆泥,2021-11-25,哈哈哈 姐姐你的帖子被挖起来啦
豆友248217934,2021-11-25,滴滴滴
嘘🤫,2021-11-25,姻缘来啦
哈欠,2021-11-25,只要姐妹嘛～
豆友113734799,2021-11-25,对的人来啦
没有心情,2021-11-25,嗯～ 看到你在找固聊 我都是最最最难受的时候发 以至于我这会已经熬到困了 [尴尬][尴尬] 困了就去睡呀 我先睡啦 去吧 我今晚玩玩明天就卸了哈哈 加油
豆友81433239,2021-11-25,约炮呀？ 嗯 约过几个 怎么啦 你啊 对呀 我约过几个 3个吧 嗯，那你有和他们提出过带上户外的吗 就是说带上玩具在地铁或者公交车上还有商场电影院露出
月亮邮递员🌙,2021-11-25,打字吗 啊 打字 这不是语音吗 哈哈哈不方便语音 所以才问你的 那算啦 太累了 嗯嗯 恩
豆友250656598,2021-11-25,只要80后嘛
乐事生平佔,2021-11-25,聊天嘛～
和猪猪达成共识,2021-11-24,你好呀姐姐 弟弟好 聊天呀～ 聊五毛钱的 哈哈哈 和你聊天是无价的 姐姐去哪了
Chaaarlotte,2021-11-24,工作了 你呢 我是大学生哈哈 年轻人 哈哈哈哈 你毕业几年啦 好多年了啊 我94的 也还好呀 没差几年
黄是你的姓，,2021-11-24,素不相识 那就随便说说好了 你晚上一般几点睡 挺晚的 好 我们彻夜长谈 那你加我微信？ 好 OvErDuE110
洒脱就很难得,2021-11-24,我不会撩妹妹 只会撩姐姐哈哈哈 这么欢脱 但是只撩 很漂亮很漂亮很漂亮的姐姐 [喜极而泣] 弟弟早点休息上课 拜拜 [大哭][大哭] 不要不要 不想放走姐姐
慧慧,2021-11-24,哈哈哈 当然可以啦 现在嘛 你室友还没睡吧应该 我都没在宿舍 在图书馆呢 那加一下我QQ吧3243288037 旁边人挺多的吗 不多 我去没人的地方 嗯呐 加你咯
岸,2021-11-24,聊天嘛
豆友250593332,2021-11-24,你好 寻幕是啥意思呀 sm不知道吗？ 哈哈哈 知道 但是第一次听幕这个说法 你是s呀 是的呢 你多大了呢 我23呀 你呢
小犹太,2021-11-19,知己来啦 可是你太年轻了[微笑] 哈哈哈你咋知道我多大 看你主页写考研呢 哈哈哈好吧 不喜欢弟弟嘛 不喜欢
还好吗,2021-11-19,你好呀姐姐 你好 姐姐找男朋友嘛哈哈 可以问下身高体重职业吗？ 173 130斤 学生
王饭粒,2021-11-19,杭州跟宁波还异地 所以你现在还在读书？ 对呀 大四 同学不想么 找个同学谈恋爱 我就是要认识你！ 行不行吧！ 太小了 好叭
纤尘西飘,2021-11-19,太好看啦姐姐你
豆友245208660,2021-11-19,？ 现在又是00后了 我服了 我昨天都没开豆瓣 你在哪看的？ 你做梦了？ 那你怎么说“又是你” … 原来你已经不记得我了 还把我认错了
momo,2021-11-19,我呀我呀 你在厦门呀？ 你在厦门？ 对呀 聊一聊？ 可以呀 在豆邮嘛 还是加v 先豆油吧 哈哈可以吧 主要是豆邮没有提示 要一直看豆瓣 你有提示嘛
半夏,2021-11-19,聊天嘛姐姐 你想聊什么 都可以呀 聊吧 你说 我听着
这是一个小号,2021-11-19,我没说跟你聊不来啊。。。 我们还没怎么聊吧 哈哈哈好吧～ 你没啥爱好。。。其实我不知道要聊什么 [不说]加个vx慢慢聊嘛？ 都不知道聊什么，留在好友名单里点赞朋友圈吗[喜极而泣][喜极而泣][喜极而泣] 也可以呀 对我来说如果能多一个有趣的朋友圈也是很不错的～ 当然只是对我来说啦哈哈 我比较希望可以有话聊
拖拖,2021-11-19,姐姐你好呀
悠悠豆,2021-11-19,大四了 大四也不用学习了啊 课程都没有了呢 考研呀 啊，那你别无心了，抓紧时间吧 一月份考试吧 12月底 考本专业么 对呀 本校么
骑着龙马追唐僧,2021-11-19,姐姐你把我微信删了 你也不说话 我以为你把我删了 我说我没有女朋友 你就没理我了 姐姐你喜欢有女朋友的？ 没有 我看看你 我加你微信啦 微信发吧
🐰,2021-11-16,来啦 聊嘛
冷冻臭带鱼,2021-11-15,对 好呀 那我正合适 那你一般几点睡觉呀 12点一般在床上 12点前 那有点晚[喜极而泣] 你一般几点睡呀 十一点半左右 [尴尬]那确实有点作息对不上～ 对头[喜极而泣]
兜兜,2021-11-15,你的动态好像有故事！ 你有男朋友呀 对的 你是学啥的 计算机 wow 你在哪个城市呀 湖南呢 哇哦 你是湖南人嘛 河南人 湖南上学呢
还是有点乖,2021-11-15,聊天嘛
仙人掌🌵,2021-11-15,你声音好听就可以聊啊 你多大 我00年的哦 哪里人呀 豆瓣又没办法发语音啦 我在厦门 怎么啦 不喜欢厦门嘛 不是呀 那可以加你vx或者qq嘛 听听声音你中意不中意 在嘛
思无邪,2021-11-14,弟弟可以嘛 年龄不重要 我是看你动态说你适合做知心大姐姐哈哈哈 我喜欢姐弟恋那种感觉 嗯 额 小家伙我不是来当知心姐姐的 也不是来姐弟恋的 [大哭] 如果你是以上两者，左转右转请随意，夜梦吉祥。
豆友141442261,2021-11-13,加qq吗 你这个头像什么意思 没有啦 就是可爱而已 要加qq听听声音嘛
豆友216562044,2021-11-13,不会p图 我视频里更好看哦姐姐 哈哈 有机会嘛姐姐！ 你太小啦 [生气]明明才差两岁 不过不对眼缘就算啦 打扰啦姐姐 好哒 没事
momo的桃子,2021-11-13,语音聊天嘛 还是打字
悠悠,2021-11-13,聊聊天嘛
豆友228586183,2021-11-13,姐姐不喜欢大学生弟弟嘛 [喜极而泣][喜极而泣] [尴尬] 求求姐姐啦[微笑] 你想干啥呢 加vx哈哈哈 不 因为我想卸载豆瓣了 想卸载之前认识一个姐姐哈哈 卸载吧
小莓好雪酪,2021-11-13,哈哈哈哈 那说明是个大佬！ 没有啦 我准备午睡一会儿 我也… 那…午安啦 你有男朋友吗 没有 加个vx再睡嘛哈哈哈 18602612911
我是我,2021-11-13,一小时八块 😂 那你微信给我吧 cwzsyh1314 哎呀 你有男朋友呀 没啊 [喜极而泣] czy是我爸，wsh是我妈 哦哦哦 之前他们俩闹离婚我改的
做你的小坏蛋,2021-11-13,你好呀
🌙Luna,2021-11-13,[不说]姐姐你好呀
⠀,2021-11-12,可是我是男孩 你首先是个男人 然后才是男孩 反正我的嘴不是骗人的 哈哈就当不是了 那我以后想你了就直接来豆瓣找你好了 随你 冷漠！ 本来就是聊一会的缘分 好吧…
豆友230149383,2021-11-12,你好哦 好 成熟稳重型是你嘛 还是你想找的 找 好吧～ 我是弟弟哈哈 多大？ 00年的 太小了 你呢姐姐
繁花肆意,2021-11-12,那今天打算几点睡呀 10点前哦 我看姐姐在姐弟恋小组哈哈哈 嗯，是的。姐弟恋 喜欢啥样的弟弟呀 不清楚啊，好虚 一定要1米8以上的嘛哈哈哈 这个必须。哈哈 [大哭]打扰了 哈哈哈
💫BlessedBer🌈,2021-11-12,你加油 姐姐在干嘛呢 玩手机啊 哈哈哈会不会喜欢跟弟弟聊天 我不会喜欢弟弟 我只是无聊 打发时间聊天 为啥不会喜欢弟弟 就是不喜欢 没什么为什么 好叭 [大哭]
要多多吃糖,2021-11-12,哪里猜得到哈哈哈 多大算大龄剩女哈哈哈 你多大了 我应该比较小 我22 真羡慕你的年龄 为啥呀 因为我老了啊 不老不老 [心]
想不出名字,2021-11-12,聊天吗
来块儿瘦肉,2021-11-12,[嘻嘻]所以姐姐你梦见卫生间以后咋了
林黛玉,2021-11-12,你的眼睛也太好看了哈哈 哇，谢谢姐妹[飞吻] [大哭]是弟弟 不好意思，不过谢谢辣 [喜极而泣][喜极而泣] [不看]可以认识下嘛 交个朋友哈哈
言叶之庭,2021-11-12,姐姐你好呀 你好哦。你是女生？ 看你的背景图。 不是啦 那是网图 我是男生 哦哦 聊天嘛 姐姐？
午夜飞行,2021-11-12,姐姐聊天嘛[不说]
苏菲的稻草人,2021-11-12,一般那个的时候是服务型的 会无条件服从吗 仅限于床上 让你当🐶也可以 姐姐是找🐶子来的呀 [喜极而泣] 有点好奇 [假笑] [不看]微信叫出来就什么都告诉姐姐 交出来
餅锵,2021-11-12,聊天嘛姐姐哈哈 好的哥哥 为啥叫我哥哥！
⠀,2021-11-12,哈哈姐姐要陪你聊聊天嘛 哈哈哈哈哈谢谢你 我刚吃完饭走了一圈 好点了 那就好哦～
哈哈哈哈哈哈,2021-11-12,哈哈聊天嘛姐姐 我保证不会加了朋友圈就不说话
豆友249717963,2021-11-12,哈哈哈想怎么疯狂 来个红包支付宝口令红包 [尴尬]
顾十一,2021-11-12,[汗] 我看姐姐说想找npy😉 你有能力给我换手机？ 哈哈哈 换iPhone 13 pro max嘛 对呀 你又懂了 [喜极而泣] [嘻嘻] 那我懂了 我太小了[喜极而泣] 祝姐姐找到心仪的npy哦～ 好滴
淡漠,2021-11-12,问问呀 弟弟做吗的 嗯？ 啥意思 做什么的 我是学生呀 大学生 姐姐你在干嘛呀 回的好慢hh 可以加你的vx嘛 可以啊 chenmenghan123 加你咯姐姐
豆友249919399,2021-11-12,那你应该是姐姐了 。。。你多大了 我96的 我00的 基本上我同龄人很少知道倩女幽魂  更别说玩了 嗯哼，我见过很多00的弟弟玩 我以前也玩 哦哦 弟弟早点睡觉吧，要长身体的 好
关于我,2021-11-12,加油加油哦姐姐 喜欢的人会喜欢你的 谢谢
我们这没豆奶,2021-11-12,聊天嘛姐姐
jasmine,2021-11-12,晚上好 我是00年的 21岁 大四在厦门～ 在厦门啊 这 我不喜欢异地恋哎 what a pity 哈哈 因为我看姐姐帖子写的交友 是交友啊 知道啦 那祝姐姐找到心仪的对象哦 感谢，你也是哦
Jennie,2021-11-11,160 哈哈哈 挺瘦的啦 很艰难了 减肥 十二月底 我希望我能到50 姐姐多大啦 额 你多大了 我00年的 好小哦 哈哈哈 你呢
Z,2021-11-11,还行吧 [沉思] 那还可以聊嘛 🉑️ 哈哈哈可是姐姐回的好慢 不常看豆瓣吗 还是弟弟有点多 我要困了💤 好早呀 好叭
谁有老婆我不说,2021-11-11,可以聊聊天嘛[大哭]不是wsn
FEI穗,2021-11-11,对滴 豆邮聊嘛 还是要加vx或者qq呀 qq好嘛 可以呀 我加你吧 👌🏻 1172101797 为啥还要真实姓名哈哈 莫，不好意思，我加你吧[喜极而泣] 1121033787
贝贝兔的大彗星,2021-11-11,找温柔男声嘛 姐姐为啥不理我！ 我来啦 没有不理你啦 哈哈哈 F50961 我的微信！ 加你咯
璇璇选手,2021-11-11,聊聊天嘛同学 [做错事] [尴尬] 没关系 不愿意就不聊哈
没什么好说的,2021-11-11,[汗][汗] 你是福州本地人嘛 是 [不看]好难在豆瓣上遇到福州的呢 嗯嗯 哈哈 你好像不太喜欢聊天耶 还是不喜欢打字喜欢语音呀 哈哈哈哈哈 没有 [尴尬]刚刚在上课嘛
清浅,2021-11-11,组长 关注你啦 拉下私密组 好 关注我即可，不定期上线统一邀请
豆友242896069,2021-11-10,你是男孩还是女孩呀 女生啊 聊天嘛 不过我只能打字哈哈
洛桑夜船,2021-11-10,不奇怪 不加就不加啦 小气包 好的呢 你在干嘛 休息 大白天睡觉 不关你的事 👋🏻 [赞]
Mask,2021-11-10,姐姐还没睡
ST,2021-11-10,细说 室友一直在叫哥哥 吃鸡中 然后说一些有的没的 感觉是欠gan 干她 直接爆头
波妞,2021-11-10,你太小了 不成熟 … 不要总这样说 不然 92年的姐姐 在我认识的姐姐里也算小的啦 厉害了 没关系 都有各自喜欢的嘛 不喜欢就算啦 打扰咯 姐姐很漂亮 早点睡 生活开心噢 好
春风十里,2021-11-10,可以不分享秘密只聊天嘛 那不行 哈哈哈哈 [大哭][大哭]好叭
O-比芭卜,2021-11-10,聊天嘛姐姐
怅然,2021-11-10,[悲伤] 好小 这么小怎么可以有烦恼啊 开心起来 [失望] 我00的 我就感觉越来越难控制自己情绪 那也差不多大啦 可是我很开心啊哈哈 那也不错啊
豆友229308974,2021-11-09,不看脸 那想聊啥 你在干啥 看比赛 LOL的比赛哈哈 好啵 好无聊哦 你多大啦 听着不像姐姐 我又来了
Zheng,2021-11-09,你好呀姐姐
yyy,2021-11-09,语音还是文字 语音 文字吧 不 加v听听声音？
羽西,2021-11-09,啊哈哈 怎么啦 会喜欢和弟弟聊天嘛哈哈哈 15分钟就这样结束了[大哭] 没 打算睡觉来着 也可以聊一下 哈哈哈好吧 去睡吧 不能让你熬夜 啊啊啊，好 弟弟晚安┗( ˘ω˘ )┛ 好 姐姐晚安～
豆友242604805,2021-11-09,姐姐在嘛 在 聊天嘛[美味]
海边的你,2021-11-09,现在的小弟弟都那么欲望主义嘛 我还好 姐姐要是不聊这些 以后一个字我也不会提 做soulmate 并不是说拒绝聊这个话题，只是觉得不要太随便了 知道啦～ 总是有了解的过程 嗯呢啊 姐姐要先疯忙一会了 ，不想太晚下班了 好 去吧
pinkblue,2021-11-09,为啥想和渣男聊天 采取渣男建议啊 哈哈哈好 那渣男来了 要啥建议
豆友249821708,2021-11-09,会愿意和弟弟分享日常嘛
Ramsein122,2021-11-09,聊天！
秋,2021-11-09,你会说长沙普通话！！ 真的吗  我看你资料是武汉呀 哈哈哈哈哈哈哈哈 我去了一天长沙，就差不多会了 [喜极而泣] 想听了已经 哈哈哈哈 姐姐快贴v 1543931312  嗯嗯？新疆嘛
豆友247609480,2021-11-09,21算弟弟吗 小太多了。。。 哈哈姐姐你多大
小C,2021-11-09,聊天嘛姐姐
Maggie,2021-11-09,[汗] 好 对不起 那如果你只聊骚 你现在又不想聊骚 等于你不想聊天 好 我懂了 你不懂 只是刚好也没睡着刚到你新发的动态而已 我确实不懂 我小朋友 小朋友能懂啥 反正不聊骚没得聊的话就睡觉 ……对不起 睡吧 要找聊骚的姐姐很多很多
momo,2021-11-09,哈哈哈说实话吧 不会聊太久 也很难做到固聊 除非真的很吸引我 可以 今晚刚好也睡不着 就聊两句啦 你是想找固聊嘛 对 我也不聊黄 但是还是想知道长啥样啥的哈哈哈 帖子里写了，不爆照，那我们可能不太合适聊天哦 好呀 祝你考上 哈哈哈，迟早考上 也祝你
momo,2021-11-08,聊天吧
豆友152910173,2021-11-08,骗我爆照 我拒绝 互相爆照 那我们不用聊了 哈哈哈哈 天蝎！ [不高兴]咋 开始拉扯了 你要跟我拉扯嘛 好呀
豆友233914897,2021-11-08,狗狗来啦
Vivid,2021-11-08,是的 救命🆘现在对面坐的那个人，时不时咳嗽两声，就像qq里面好友上线的提示音一样 哭了 戴好口罩 你在吃饭？ 在图书馆 啊 吃饭这么快 没吃 直接回的图书馆 不健康哦
豆友237434228,2021-11-08,不是
南池子大街,2021-11-08,姐姐～ 喜欢跟弟弟聊天嘛
堆糖,2021-11-08,借多少 1千[喜极而泣][喜极而泣][喜极而泣] 这么少… 为啥发在异性知己小组借啊 随带发的，看有运气能遇上嘛 我以为是那种 哈哈哈 那种 嗯 那种 不做 [喜极而泣]
桃之妖妖,2021-11-08,聊天嘛 已婚？ 未婚 那你去已婚组？ 没进啦
豆友249572339,2021-11-07,聊天嘛 要和我语音吗 还是视频 都可以呀 有偿的 能接受吗 不了 视频多少 199 和你视频露脸脱光了用玩具滋味，不规定时长，一般都是S了再关，结束会再送你福利视频和图包，平常空间和朋友圈更新的福利照永久可以看 你可以先发个小红包开视频看脸确认本人再发剩下的，一可以过滤白嫖的，二也免得你觉得我是什么抠脚大汉
心如止水,2021-11-07,哈哈哈 没有啦 我还是大学生住宿舍 估计很难有环境哄睡哦～ 吵的我也喜欢 就那种，打游戏乱哄哄的 睡得最快 [喜欢] 哈哈哈 相反 晚上宿舍很安静 我也不说话 姐姐只能和空气语音[不说] 好吧 那算了 不打扰了 睡了嘛
豆友247876040,2021-11-07,多少钱呀 一百一小时[墨镜] 哈哈 会不会不符合你的身价 再高点！ ？？？ 开玩笑的啦 真100呀！ 我好像付不起[大哭] 退下
以熙,2021-11-07,聊天嘛姐姐
momo,2021-11-07,你好呀姐姐 你好呀 加扣扣 1252314439 好嘞
nowkkkkk,2021-11-07,我们互换呀 嗯嗯 不用了 [喜极而泣] 哈哈好吧 你好呀 我又来了 哈哈哈 真有缘分 不看照片哈 噗哈哈哈 好的好的
随性,2021-11-07,聊天吗
纸,2021-11-07,只要女孩子嘛
开心猫,2021-11-07,多久啊 哈哈哈睡了嘛 今晚还有机会吗！ 没有了 [大哭] 或者发发语音听听声音可以嘛 你声音好听吗 不好听 你就拉黑！ 行 x38420
溜溜呀,2021-11-07,姐姐好呀～ Hi 还没睡呀姐姐
雀巢奶香1+2,2021-11-06,考研人需要休息 啧 这不是休息着在吗 又没让你现在就爬去学 哇 你这说话中感觉透露一丝s气息 并没有…… 哪有直接叫人爬的！ 大家不都说爬去学习吗…… 委屈 哈哈哈怎么委屈了 摸摸头
一根串串,2021-11-06,[张嘴] 没有哈哈哈 原来不能这么问的吗 可以呀 当然可以啦 我开玩笑的啦 没有人是废物的哟 要正能量 哈哈哈哈 好的好的
豆友249567194,2021-11-05,聊天嘛 要和我语音吗 可以呀 有偿的 能接受吗 不了哈
豆友244746316,2021-11-04, 是的呀 头像就是你呀 对呀 [不看]很好看～ 大几啦 这么迟还不睡呀 大三啦 好优秀的样子！还有申请奖学金 [喜极而泣][尴尬][尴尬] 我大学四年都没有摸到过奖学金[大哭]  哈哈
苏打绿的苏打,2021-11-03,我觉得一个人的经历比我丰富很多的话 我可能不知道他在想什么毫无掌控力 嗷 原来是喜欢拿捏 小的可以接受啊  不是 是一个人完全脱离掌控 你都不知道对方的深度的时候不会怕对面的卖了你吗 算是一个舒适度吧 不知道 还真没考虑过哈哈 男生和女生不一样咯 人和人不一样而已啦 恩
没对象省流量🤓,2021-11-03,厦门好 一直想去 想来玩嘛 还是生活 去玩呗 你是上海本地人嘛 不是不是 黑龙江 北方姐姐呀 很抗冻！ 哈哈哈哈是呀
豆友243423600,2021-11-03,可以听你的ZZ故事吗哈哈哈
Queenie,2021-11-03,聊天嘛姐姐
豆友235586710,2021-11-03,帮你闺蜜舔豆豆 舔奶头 嗯 豆瓣上说好怪哈哈 可以换vx吗 就这吧 你害羞呀 懒得➕ 你做过3p吗 没有 喜欢为啥不敢做呀 没有这样的好闺蜜吗
🌰,2021-11-03,[做错事]睡着了吗 好快 没有 回得慢估计我就睡了 那介不介意简单自我介绍。现居地、工作、年龄 啊… hhhh 只是聊天嘛还是？ 或者你先吧 那算了 [汗]
寡王,2021-11-03,聊天嘛姐姐
少管我！,2021-11-02,大四呀 嘻嘻你喜欢年龄比你大的呀 有一点儿吧哈哈哈 为什么嘞 这哪里说得清呀！ [不看][不看] 你呢 会喜欢弟弟嘛 分情况唉 比如呢？
豆友187020755,2021-11-02,来了姐姐 哈？ 不是在蹲我嘛哈哈哈 你说的都对 聊天嘛 来聊啊 姐姐几点睡
.,2021-11-02,所以是什么事呢
拇指姑娘,2021-11-02,[不看]聊天嘛姐姐
互联网试吃点心,2021-11-02,三个都是女卫生间 🐮吗 哈哈哈 get到了 研究生就好了 笑死你知道我考哪个学校吗 华中师范 师范 [尴尬] 毕业就好了 😂😂😂
一杯美式咖啡,2021-11-02,弟弟来啦
牛奶牛奶,2021-11-02,你呢 在国外呀 我在厦门 嗷嗷 在国外读书吗 还是工作 工作了 不在国内多久啦 四五年了 😂在国外生活咋样呀 自己住嘛 有室友
Vivian,2021-11-02,喜欢和00后的弟弟聊天嘛 不喜欢的话我就走[笑死了] [疑惑]
柚子,2021-11-02,哈哈哈 现在还聊吗
林可爱,2021-11-02,姐姐你好呀
柚子姐,2021-11-02,你好 哈哈不是昨晚聊天嘛 昨晚睡着了嘛 对啊 睡得早 你发好多动态呀哈哈 嗯？ 豆瓣动态呀 就感觉你是生活很精彩的人 还好吧 喜欢拍照 已经去上班了嘛
momo,2021-11-01,[喜极而泣][喜极而泣] 加油 可以加你的vx嘛 有缘人 15085852806 张兴高 ？ 打错了 sorry 15085052806 哈哈哈 就觉得画风不对
"是麦麦吖""",2021-11-01,我偶尔也说 很有趣的事也说 啥能力？ 光我说，像个傻子喔 不会呀 怎么会像傻子 说明生活很精彩 生活状态很年轻！ 那必须年轻 又不大[没有嘴] [没有嘴] 我说话像个傻子 哈哈哈，还可以，能接受的傻
痞痞女生,2021-11-01,能够找到有默契的很少。 所以 会不会有机会和姐姐试试有没有默契？ 那你要陪我玩情趣小玩具嘛 [尴尬][尴尬] 怎么现在这么委婉 要的是感觉嘛 我把链接发给你，你匹配我的ID就可以操控了 … 不了不了 这个太不容易骗到人了
柳蛮蛮,2021-11-01,聊天嘛同学～ 不好意思不喔 [大哭] 不是wsn 不聊黄色废料 当然如果还是不 就打扰咯～
豆友249069806,2021-11-01,你好呀 在干嘛呢 刷手机呀 姐姐你呢 躺着发呆 你多大了呀 我00后啊哈哈哈
cc,2021-11-01,这就是弟弟的可爱之处 哈哈哈哈 可惜今天有点迟了 可以预约你明晚的聊天嘛 我明天出1块 行啊 那你睡吧弟弟 姐姐晚安 做个好梦 晚安晚安 [不看]弟弟来啦 [囧][囧] 姐姐在嘛
学习的大发同学,2021-10-31,我在厦门呀 哈哈哈哈，很近 喜欢啥样的弟弟 哈哈哈哈，小奶狗那种。 那有点点儿像我哦 [嘻嘻][嘻嘻][嘻嘻][嘻嘻] 豆瓣也不能发语音呀 huangfuguidafa 我的微信。
豆友245153400,2021-10-31,还是视频 都可以呀 视频吧 有偿的 能接受吗 什么价格 100 可以露脸和你聊天，不规定时长，包含我私密照 199 露脸脱光了用玩具滋味，也不规定时长。一般都是S了再关，结束我会再送你福利视频和图包。 你可以发个小红包看见我脸确认本人再发剩下的大红包，免得你觉得我是什么抠脚大汉之类的 玩嘛
桃之夭夭,2021-10-31,嗯 明天上午打电话 忍不住第一时间分享 凌晨两点多回复了 还钱了 世界还是美好 好感谢她 挺好的呀～ 但是你发的时候都5点啦 是还没睡吗还是起了 哈哈 是睡醒了 周末也这么早睡醒 对的 我今天告诉我妈了 我妈说我肚量太小了 还跟人主动要 😂😂 人家说的三天嘛 而且又不是很熟的朋友 我也这么说的 我说前几个月同学跟我借钱 借了一万我当时借出去就是做好收不到准备的 那那个1万拿回来了吧[囧] 拿回来了 中间还跟我打过一次招呼 说钱到了先还别人 总共别借多久 值得信任的朋友
不疯不魔,2021-10-31,聊天就随意。 那可以聊一些跟性有关的嘛 你有什么疑问 毕竟84年的姐姐 对我真的是宝藏 哦 那你老公知道你的癖好吗 不知道 那你是不是 那方面的经验很丰富呀 我又来啦 [尴尬]
豆友223621553,2021-10-31,找到了吗 没 我来啦 来 vx还是？ v吧 een1319
豆友164262305,2021-10-30,聊天嘛 语音嘛哈哈
豆友248256639,2021-10-30,[不看]
xxxtttkkk,2021-10-30,你好呀 正在聊🤧🤧🤧🤧抱歉
豆友248782330,2021-10-29,你说说你想聊什么 想聊点坦诚的哈哈哈 什么是坦诚的 你帖子里说的呀 我不和小朋友了 聊 自己玩儿去 [大哭] 好叭 虽然我不是小朋友
漫游者,2021-10-29,我不喜欢年纪小的 这样呀 姐姐多大啦 你多大 00年 好好学习吧[喜极而泣][喜极而泣] 说真的 姐姐多大 比你大很多 一轮吗 还是16岁
三丧生,2021-10-29,啊哈哈 也可能吧 你多大啦 20 01年的？ 对 那 好吧 真的是妹妹 第一次在豆瓣碰到妹妹 别整什么哥哥妹妹好吗？？？ 好吧同学
momo,2021-10-29,我觉得你不丑呀 很好看呀
怎么怎么啦,2021-10-26,你好呀 聊天嘛
豆豆花生米,2021-10-26,你好呀姐姐 你多大 一来就叫姐姐哈哈 我呀 我00后 这么年轻 哈哈还好 姐姐呢
豆友136823255,2021-10-24,聊天嘛姐姐 聊什么 啥都聊呀 姐姐喜欢和弟弟聊天嘛
豆友248810518,2021-10-24,熬夜秃头啊弟弟 我还年轻 还能造作哈哈哈 姐姐一般晚上几点睡 我啊  十一点前后吧 这样呀 那挺早的 嗯嗯 姐姐有男朋友嘛 没啊 谈过几个男朋友呀
yanyan,2021-10-24,姐姐
豆友248361283,2021-10-24,姐姐你好呀
ZEЯRO,2021-10-24,聊天嘛
豆友248845630,2021-10-24,姐姐找m吗
豆友138374653,2021-10-24,聊天嘛姐姐
豆友89885399,2021-10-23,姐姐？ 怎么了呀 没呀 失眠了 聊天嘛 你多大 00年
豆友230335857,2021-10-21,冲！ 嗨喽 你的头像好好看！跟我暗恋的女孩子用的头像是一个作者哈哈 好巧 哈哈哈，突然间不知道该聊什么 没关系 反正你11点就睡了哈哈 哈哈哈，也是
