12D57hxb4fxsMyK5E6vKVD5bVyBjdWENea,0
16LauLBpXJNAUxnWi7WjiK7YdGQgoM7M1h,0
19hSSNoQ2iocZdM4kgEuTFFCo5foinEioJ,0
1Bcrxa9cCufRuXWMNufiixa7mWVVQWhkrU,0
19J7KdM5cCn44DfyVke8GTiodsFEGEXWKj,0
12p3wM7RjoijeTZEUJf58sYaxuVaRg3xkK,0
1M9GGK91z1z3RBCWWTnMqd7wVJuvuyJgEZ,0
1CWTbRia6DXuzc4dG9kXy1rNNCwwV1RNhU,0
1AFXCbxYSudgYWiWwJbNJPqW48KFfccYQK,0
1G6y7bUMsAZ2WESPvt1h7kDga7Dk29k7oc,0
13BhEH7wsMpvAK938LhkwxXcZfoKqZatS9,0
1MD2dQrGo99pr3dE216NTrD1s9Xm6dbBDP,0
1DZs2YZYDdQGmLehW3iF5FdqNfktBjGnW1,0
1J5Y8qj5DXT1Gkq8YJ3XebY2GP4AzDkTJk,0
12LLsxvEupcocPynWLq77pMFUQPR3Fptim,0
14RcqXZEPiHSKn2UxpPnZbjcFCMDbv8mfs,0
1MHRZkYExD7jZcdZpqLDqkNweBcwXXsLhA,0
15KLgtMC1dQAfc3p8t6mDPRUvvtF7qXGi5,0
1C7znTw1idVt9mc9oxZZfaSpWpY6j25UAr,0
147LBWii8GfNtBfo9nCe4c1ZR3TArAaeQB,0
1McMbBiLVWA85RkY8DNJjLBTjnR9N3XoeD,0
1M8W7XoeRkFm8LbAP9PuPpChA5u6uNHWvK,0
1Gkwvu7oRrHDq8dKt5AZuF5VnLcX1ovjBd,0
1Ni2fmsLsFYqdBLM64pkFBh1vEQRT1aV5r,0
1DM5QvdFyqwN6cJYA41vEkRq4jKMYLFtmr,0
1Q5SsGN1kRNuxCesTcn9BDY6TsjVYKAUKr,0
1Aj8mrgBVXzXQ2JRPGcotsRsBQFFGdiZ2s,0
1EpYMRLfndHi6FoJCaBt74sP8echiLdCXp,0
1GGeU9Jwf5WrqYvirqUmyovkVPsfsnt6Nv,0
1DspwxDaDvSrUiTVk9Zahwh882mAkH1abD,0
1D46MdTxbNxX4Sb9485Cfpe8jwkEK4XSG8,0
1AYHxrcStsYrbSi1cDM84HcTfiX3j12ASM,0
1DH3opxZTFjtamZj7btsr9FvShm2vukgxp,0
1Ft6q5bYmZ8qdBNveGf3SmNrH5SqDej9B8,0
1BeYerXimYyvAokaTJt3rvpvEFdKESzYfN,0
1Dv9mPZFtsL8epnH2Zb3QgF7aKfcDnHMzS,0
1FjgSMnLu6xpAX7JhY1N2cyYfh5XGaduUH,0
145CLK1FxM596n1P8NpbBhau2g8CZX7esS,0
1HE9e73xaxNrZgp7vhgVtPSrboFUvvMsZP,0
1KeEw4YzPuFnVQS4rPD5xfJZ7Ac1kzTUnP,0
1HZi8kUANFLvKa9cbgZAgHCE5Ttxcmq5fM,0
12GaFFS8jkLUi9sERLvymg3NvZoqY3nVbB,0
1GaF9pqsaWZUkoFaVF5VoFH59pVddkZ3mz,0
1EteUSEvBsZ2JptyK56VscMME9kTVj5ufp,0
1M96fCs3rkcaq6LmNUQ4Q5ACSAmKNW5sU4,0
1BN63RkgDi2CFWZ4sAvQV2YEYG6kuPH2zH,0
1Fwdn9y7WUibubu5ixVTihC8HwBvimvic3,0
1Acf3ZgRzcWRLUSGyJwbtA8Bf4LUQBpwbt,0
16qX3tnNmHqspZSH7PbsXDCSwGs3dYBMmN,0
145EMRub9gtMbSMryAyTRXcGBnDC9tmS5b,0
1L9DGbX6HDsEzEzmZREb4HXuc9R5AQ4HLM,0
19qdAQSFazVRe953PFF5aK5smB2mEianGj,0
1D3sesFqR8hmkbBVkxyPDV9ApEVegfj7yo,0
1PhU4HaWKVV65ovTAuJp6aQBtXu8FuaFEP,0
1NLtXXoL2XA5zHdgsRffN5P6QguAahMm61,0
12G7azi8PYDcHDrxPyDstgnnyBeLoz1iYo,0
1QDxwF2bwuDz6MJ1Qq5SSXzBxQ9ssK9X9T,0
1MyofZqc1Mbi4Hv2tUfdKzbh2Hv96EDHyc,0
1BgoeSFY3NNz5DN56fP18HpNWCdq1Z8sFD,0
1GENNw3N8bmeXSavJd9TtksSxwGGHxgH9M,0
1H8HY2Gj2omJuea9hDzoz7Um33HrhdX5eo,0
16kMspgjW8GSrhUmZbrYknH28Vj7VqZedm,0
1KHQ8tb321qJCyVKRrvR4v6hncvhCrFoGN,0
1JityXBAoPDN4B9TxfFkG8ScFBSFVQHfEN,0
19jcSujxJhjP7gSLYM2etcjDT7KufUDNAd,0
1L7ozmkXVTozzywFdwVwU9fUqBUVDsGKHs,0
19qZ9tVkS22dExb7AdNWeT2CSP6d1B3r3o,0
12CyY7LbCyCwhdhEdHQy443V9HzHVGxrRd,0
1CGcd8XZ9oaAbFbKjPoPEL9PUz7RKsAeXL,0
1N7T6uSfRZDEVp26gfP4ft5MkL3qCijL1W,0
1AmmvfqMDEQcfM2uN1F3qGsjEGSxQdzTqo,0
1LCnPkyMeg7ipB7BbotV6zR366rmQwGQe7,0
1FoNozfRke1TAEGAZytce7LfvncCi3xv2j,0
1Q3HCokNeRAtgrF5t3FuqQNLRGoJy5uziU,0
1ASkkofGHA7btGU8tSMBFjHhFc6iLKVyzW,0
1Jsa4Gr41YZAq5bB5cRjqpb9X4ny9kNs4X,0
18DTRaPyLBhDM3epA16vDLJQgBL8cPqRhX,0
1UbzqxqoijS67nJqJEfzmefMna5uCfgQS,0
1DRNo6F8oqVUWeWuy2tHA5rBWZ2PJHoBhi,0
19yJDQMc3r4JJwxcy3ukq4RvgFvgAzdpVm,0
17xVpafLJtaWJm4UhNFU27gM2ziPvLC6ka,0
1AKmqy4ZfYbAhdLE1vT1R8URFqY1DGZx8d,0
1C6WvQvWAXkzw6U1sWqovYTYfM2Z9EXRhy,0
1BGjjnk2QjxQh64aiCQQzQPHyd9cDQZpQg,0
1PnJnDaukqr6YLVrBEdbzNo61CrfuWxj42,0
1N6VKSzj8CN2RchfNcdo3xezqfE5ZXrYXT,0
1Cv54Np5KCmaJZREbaCwynpehscHXjcLM9,0
1L6jU8pCrajUyZAL8EXUX4AgMcWGZSjT3d,0
1DNsoSahjRbESNNpEKDZ6v57piAe8eqVTC,0
1AnRUckwTpppXQQSzwHUuTr6YAUceMZtYF,0
15H3VkW8YXhxAPbptNvkL4swcJn1xLQqLL,0
1Gs1WAjSbAjwax8bZpDHEFJWwDQNVFakE7,0
1E6sZUqswvx2UTZ1Rq8kLV2U95qJL68UnK,0
1AwhYsuEDqgsjEHv7EyHe7HcvABkKutZui,0
1146qSt2zHsw7Xvp6XxmaKA7sER5SKsNUT,0
19WNqLznJMM1MkPhEYDG4X5YmsJe39RDJa,0
14A6s4NFusUEif6g7MSdpMBM8yAoz4m88n,0
1EBN8gfSP8zvpq5rpkqGiJg551s3GjsePM,0
1GFk4xV8SpqL4jk7ewFoTmq5jKjQZTn752,0
1FW2tJt6mQeMTV1aBKQTixzTFEz8u4HmR2,0
173ieeeBEcetJ6bu6cDyvFn5y1C1Fj2ggZ,0
16Axb481MTJcRBA8aXuH97TRhwqnLFRWxm,0
1EwgYvwEhzAMcANQkn71tYhbyvCkao92SL,0
15udRggSYRaGCsgcWc2BwQW5FUP4mrVsyq,0
12oYiUX2Z13eUZ343aNutTpu5GiR2tvAJp,0
19w8T8NMuXLGhU4pBkHnFDAFqCoLPuYb1t,0
18Ui6XsXUec66fho1E4oVPLEuaMxdekzjR,0
13hQboTFWKHk3Mdnbzcs5YsiA2pAgzZ3U8,0
1H5SMbFe9wSiJKeyMrGBx1jKok4jNjnvLT,0
1CM1KKp9y6UARWpt86pqUy3q2n2sis9N3M,0
16QxKdZTU6JFQKpVGG784ETjokcNjwUee9,0
17vfRE3VwWgaz87kaJU4Eiq5Sfqb2Ywqg1,0
1He1JLv2ubt7Q1jByskNtGBoyWQVsb3pNp,0
1GXYcTn7FCGa1UcbnJKpzuMSmxauz1xG7m,0
1DSbxCES7thtbMPf6CQzDpHhfy3bn6NiXi,0
1MB9tz16hXD8avEAQVNpso3fJ1V6Trangi,0
15XpS18XKP17DhZc2XsM7aDzGogyhcREkB,0
13EhwNUu8UQ13LeZcQ1kb8Buz5aV7nKnH9,0
1LhPtCMEisdmn6JgzKtftSbm2kTJa6YrcS,0
1DNptrfce6kZnE5Vt5aCAVeChxhw6eHywz,0
1Ekj2xBGBizQGjuksNMmYK1BZ63JZK1ELq,0
1J6in4Mwv2G73hSnXPGLa2RoP3QSkJJMoA,0
1HrEsebBhZFTHiaXuNQDnxnBGjcTD7NV3s,0
1JTdMxZiEkD8w451Dfbuw1hG8kQcRL9UtF,0
1EWkoUqtfox6e3JfDjEd5jyC8ecFwYJeB2,0
1B6GmoH4diwi7QrMuXph1iQKgwREyoGj4F,0
1N6BvrYGrQfcnBwiyhs8SHjqHMbtoXDfSU,0
12MFAZ7Fx2wsamHiZWMhB8Yq9wjniqPmTv,0
1JHFKVUZxt1VvXNu4yTsmAy1nERv5DXHhH,0
15xwiQW897Sc1BTVeZtFmDQFvUxuZm3esY,0
19SEf3B45VQC7LNEHUxsicKMCJGqbZPEgP,0
1GUVFD1LdnVFQ8BuffQhgSNCXLg96P75K4,0
1DrEKw4tZNByM7GT5E5HF3s8YbhXjreVkY,0
1EUqZLWp82T2gTe2Ch51G6f5uHM4ki4QNS,0
1CuNic7imkQU3AS621PWvhj86gRFTXRXb2,0
1NSiX2M48cjhYdzjj6APZBYXMbgLCoZ3xx,0
1GRARe2c924ANXWJtb2Jd6amR9R7AjL4Sv,0
1CJNMfi3thoKzfZLV5wTh89S5J6fTTjriJ,0
1FwPnA4BSZTfCij7hycsLpDHhe1RHGp7j9,0
16FyRvh7VMu8pkhdhbgGngkDaZnsfCJrai,0
15M2Jyavyqt7xxejtwPgdbHG1mCaLtUpHG,0
15HsnEMB68xzo7atydg7HkqJjqxZRhUQWR,0
1Cqtv5BsHn9wUwo3DicX4bX2wn5UMers29,0
1JmqoKGgKfNzJg3tqJoqrVrE3oEfgrmE5n,0
12m6Pyu56zYrNFgtKeoPhDvZvefueCw7gE,0
1D6uNQjtmNBHskEoU7wqGcTuJYHM9iCBQM,0
1qSybNbNw2W8ZBgToKBghEUmQBUvy3TB6,0
1KHfbRZnUC1vfXUCvcLHsbUPdVUhE8z4YZ,0
13oC7wJzNYuZ71DuSUwm8FY1baLt55d7TP,0
1E9c5b1o3jX7soBPGaVvkMy8Qkc8GwTEd2,0
1EqY524gR9a4smdrMwjVG3ZDfbtvz8Y5pM,0
1EaoCVpibPaFXM6FHnjyqURyzwsY7ctLJt,0
1M3WYMwZZomzvLehtfyaHXrghdt6JPeEYr,0
1DSyob2KesFW9jYerVC5rLEcxCGoGXTxUx,0
1FvpF5gf6oFUBE1gUuCHUSLDGtBH1dL4nR,0
18FJMGE15aDmgxgABYKK7Tq7SADZrWZcWc,0
1bCsBsJyUrVZEmZMGhpv6rHW3bCdr2TjN,0
1Hzd9vP2KtzLJEMj1cVPEDtSGTtboC3yX3,0
1Mn9dp7FSgvtWKJjxCkt8v8CuYLHbDeNRs,0
18CrqCpFAQEwwinVeXUX9X4RjeDgjmMyoi,0
1Gi5pdMwuCCu5XMM7bK8fbb2AohbfyZd8k,0
14Btkr8jdge5muRXPN1gS72RX3gEJTJKT2,0
1CTbPK59BDr4UWAUfzVwMN5a5uX8x8p65F,0
18EeXbfcDkuZJavoiSA3d8zP1nXBHbze78,0
18gLTqEeZghJbXmX6vLobVDHZTXG2JyzNd,0
19JH3b6aZYaADQZSNfTkFSqdTf8TfjkNBa,0
1JnNmjLr2ETTiUZFzxz14PiJZpopSuJ51w,0
1EkbptKNFquKU1u4862onT4DkrDFP7LcGc,0
1Dwy9FqTSeoVuqFdrZm6WZdEZ8TJvSeE12,0
1McU3uSRHJxBSSWBKp6yyWyQLCaho47dK2,0
1NS8S6tUUNV8Pjovezy4h3Dw4WLMuiV1Ya,0
1PNNioXq4T2qj2v3YH4ovhQxvdWUhFpt3X,0
1KhMiR2DL8tEpoDqv3azLedzZe6ZvFdQdN,0
1MmYP4wJvAZpdsanbu1LaREb38C7UED2aL,0
1AzfUkQs7FQs5JnknHq13HpoVERSMpfvsG,0
1NjkYjXtJDGjg9AcMhwfJbG7bmG8ZQfK1o,0
1DPnNDqYEhgjyMAzYPCgJNjak9MN5VAnCa,0
19UGJUy8N48zLAVsVAsYg86sThjYpxZ5mD,0
1GjNYyYd4RePYE8W4iuPKmzzW2b8bVatRt,0
1H8C5UXjmhC8HeAPprUbGSvENYuCoWKdZh,0
1CRGZpEQqYemX62hfyCWoTZ5t5skPVC82g,0
1MnTK7kUN1JMXafHgV8FAhEcAgtqJ9tASa,0
19WhJ8261BA21nrBXenFXqWtQZEZ1qeJnv,0
1AY2gb9j8AFhaF6QnsYwsK7X3VM5Co1igb,0
1FDa82jG5BQuUmr9LcpA9ADidjbkPg172X,0
1LrMjqe3wnrwRxRG1ahafwrCyb6UMfZCFR,0
1FgeniVSqb45G2Dqm8Qtb3AXqbvVQXgnwM,0
182QqJaPbT7ToHddE35hbBcWRN1fqcZt8Y,0
1KVwAxd7eCUyT6ifRrFHm7PmYJkYecB4gW,0
1ZTEddkCmrkwAcVCBwkEp9MjZ8i3ohUGv,0
1BqUMuoNcDMWFZHp5za3PS5ah9eNs5oXGg,0
1CJdeU5qwEKdPwHcmGPkeeCrjQF5h1XNYH,0
1EXGCveyPKzbu1ZyzosjXEFUDoicJ9Tt5X,0
1JdMcmtVGHULYrn3KkMEUHc2xAMFaAivHw,0
1qpj9CCQUdwhToFH8PE8VeqKinoWReJuA,0
1EME7WpYfScJG7YWgSjqhNm5yYybz4W9iR,0
15wxTDrC4PNLS864kwWRY3zJZsA3LBENhz,0
14UE66wSCB2epQD4y8amtv5L2Dps4VAoNt,0
15SgQCYzvi9K56Hvf3qoopdbXAqwP5gEGN,0
12L41FXpAZVEjHjkGHCY1GeL8cFif7zFQ7,0
1FtKSC1Yi59hVUd9TwsLTxVGcwDTN74qeN,0
1MNEf4T5Rv9MtFmv9kHn8FyjXvxiVeb56J,0
15NHuzfui5NGzvsS3dmh2fbpYuGhPG8xHC,0
1BcPZKxLV4ySkuecAzZZCqRt8oYLoXsPPu,0
16eNCKjXZvisE6YxUTNmc7pBHAxVRdooBQ,0
1C77ZYNJkANxATMAXTTyyv9wwddTPe1piT,0
1NRzycREHc5VZWX2Neysn7nKmAKKkzsUDc,0
1MmPjF3gikqQXSDQgJquqhzotWeQAP5t1W,0
1HKsPu46haRWNp5m9phj95SNJAdWzECh7a,0
14FMDU352Jn7Mkvk5V8cAf72UcLwqF6Jg6,0
1EYGt1M8LpFrByJkw2EFb8JYMZEsuMsKYb,0
1DuWS5T4HS4gkVSBDts2jKy4XyTMFZMXXn,0
1MSYdq2VcBATuxH7MjV8fT5CrQrJ3BbCkn,0
1HF13Fw3CB3XY9fcdo4yVd3Z97eYEyX4jR,0
1KCAoosva9GHHoK4mu8bvxxy8ASdAspv3F,0
1A43pBeE4mA1hc5ReCube4iwMH6nH6jKsL,0
